"Group","Source","Target","Status","Note"
"A_leetcode_by_topic","D:\Workspace\PracticeHistory\LeetCode\Arrays\LC055_jump-game.md","D:\StudyBook\coding_challenges\leetcode\\by_topic\\arrays\LC055_jump-game.md","duplicate_existing",""
"A_leetcode_by_topic","D:\Workspace\PracticeHistory\LeetCode\Arrays\LC152_maximum-product-subarray.md","D:\StudyBook\coding_challenges\leetcode\\by_topic\\arrays\LC152_maximum-product-subarray.md","duplicate_existing",""
"A_leetcode_by_topic","D:\Workspace\PracticeHistory\LeetCode\Arrays\LC238_product-of-array-except-self.md","D:\StudyBook\coding_challenges\leetcode\\by_topic\\arrays\LC238_product-of-array-except-self.md","duplicate_existing",""
"A_leetcode_by_topic","D:\Workspace\PracticeHistory\LeetCode\BinarySearch\LC033_search-in-rotated-sorted-array.md","D:\StudyBook\coding_challenges\leetcode\\by_topic\\binary_search\LC033_search-in-rotated-sorted-array.md","duplicate_existing",""
"A_leetcode_by_topic","D:\Workspace\PracticeHistory\LeetCode\BinarySearch\LC074_search-a-2d-matrix.md","D:\StudyBook\coding_challenges\leetcode\\by_topic\\binary_search\LC074_search-a-2d-matrix.md","duplicate_existing",""
"A_leetcode_by_topic","D:\Workspace\PracticeHistory\LeetCode\BinarySearch\LC081_search-in-rotated-sorted-array-ii.md","D:\StudyBook\coding_challenges\leetcode\\by_topic\\binary_search\LC081_search-in-rotated-sorted-array-ii.md","duplicate_existing",""
"A_leetcode_by_topic","D:\Workspace\PracticeHistory\LeetCode\BinarySearch\LC153_find-minimum-in-rotated-sorted-array.md","D:\StudyBook\coding_challenges\leetcode\\by_topic\\binary_search\LC153_find-minimum-in-rotated-sorted-array.md","duplicate_existing",""
"A_leetcode_by_topic","D:\Workspace\PracticeHistory\LeetCode\BinarySearch\LC704_binary-search.md","D:\StudyBook\coding_challenges\leetcode\\by_topic\\binary_search\LC704_binary-search.md","duplicate_existing",""
"A_leetcode_by_topic","D:\Workspace\PracticeHistory\LeetCode\BinarySearch\LC981_time-based-key-value-store.md","D:\StudyBook\coding_challenges\leetcode\\by_topic\\binary_search\LC981_time-based-key-value-store.md","duplicate_existing",""
"A_leetcode_by_topic","D:\Workspace\PracticeHistory\LeetCode\BitManipulation\LC136_single-number.md","D:\StudyBook\coding_challenges\leetcode\\by_topic\\bit_manipulation\LC136_single-number.md","duplicate_existing",""
"A_leetcode_by_topic","D:\Workspace\PracticeHistory\LeetCode\BitManipulation\LC191_number-of-1-bits.md","D:\StudyBook\coding_challenges\leetcode\\by_topic\\bit_manipulation\LC191_number-of-1-bits.md","duplicate_existing",""
"A_leetcode_by_topic","D:\Workspace\PracticeHistory\LeetCode\BitManipulation\LC268_missing-number.md","D:\StudyBook\coding_challenges\leetcode\\by_topic\\bit_manipulation\LC268_missing-number.md","duplicate_existing",""
"A_leetcode_by_topic","D:\Workspace\PracticeHistory\LeetCode\BitManipulation\LC338_counting-bits.md","D:\StudyBook\coding_challenges\leetcode\\by_topic\\bit_manipulation\LC338_counting-bits.md","duplicate_existing",""
"A_leetcode_by_topic","D:\Workspace\PracticeHistory\LeetCode\BitManipulation\LC371_sum-of-two-integers.md","D:\StudyBook\coding_challenges\leetcode\\by_topic\\bit_manipulation\LC371_sum-of-two-integers.md","duplicate_existing",""
"A_leetcode_by_topic","D:\Workspace\PracticeHistory\LeetCode\DP\LC005_longest-palindromic-substring.md","D:\StudyBook\coding_challenges\leetcode\\by_topic\\dynamic_programming\LC005_longest-palindromic-substring.md","duplicate_existing",""
"A_leetcode_by_topic","D:\Workspace\PracticeHistory\LeetCode\DP\LC010_regular-expression-matching.md","D:\StudyBook\coding_challenges\leetcode\\by_topic\\dynamic_programming\LC010_regular-expression-matching.md","duplicate_existing",""
"A_leetcode_by_topic","D:\Workspace\PracticeHistory\LeetCode\DP\LC062_unique-paths.md","D:\StudyBook\coding_challenges\leetcode\\by_topic\\dynamic_programming\LC062_unique-paths.md","duplicate_existing",""
"A_leetcode_by_topic","D:\Workspace\PracticeHistory\LeetCode\DP\LC064_minimum-path-sum.md","D:\StudyBook\coding_challenges\leetcode\\by_topic\\dynamic_programming\LC064_minimum-path-sum.md","duplicate_existing",""
"A_leetcode_by_topic","D:\Workspace\PracticeHistory\LeetCode\DP\LC070_climbing-stairs.md","D:\StudyBook\coding_challenges\leetcode\\by_topic\\dynamic_programming\LC070_climbing-stairs.md","duplicate_existing",""
"A_leetcode_by_topic","D:\Workspace\PracticeHistory\LeetCode\DP\LC072_edit-distance.md","D:\StudyBook\coding_challenges\leetcode\\by_topic\\dynamic_programming\LC072_edit-distance.md","duplicate_existing",""
"A_leetcode_by_topic","D:\Workspace\PracticeHistory\LeetCode\DP\LC091_decode-ways.md","D:\StudyBook\coding_challenges\leetcode\\by_topic\\dynamic_programming\LC091_decode-ways.md","duplicate_existing",""
"A_leetcode_by_topic","D:\Workspace\PracticeHistory\LeetCode\DP\LC1143_longest-common-subsequence.md","D:\StudyBook\coding_challenges\leetcode\\by_topic\\dynamic_programming\LC1143_longest-common-subsequence.md","duplicate_existing",""
"A_leetcode_by_topic","D:\Workspace\PracticeHistory\LeetCode\DP\LC121_best-time-to-buy-and-sell-stock.md","D:\StudyBook\coding_challenges\leetcode\\by_topic\\dynamic_programming\LC121_best-time-to-buy-and-sell-stock.md","duplicate_existing",""
"A_leetcode_by_topic","D:\Workspace\PracticeHistory\LeetCode\DP\LC131_palindrome-partitioning.md","D:\StudyBook\coding_challenges\leetcode\\by_topic\\dynamic_programming\LC131_palindrome-partitioning.md","duplicate_existing",""
"A_leetcode_by_topic","D:\Workspace\PracticeHistory\LeetCode\DP\LC139_word-break.md","D:\StudyBook\coding_challenges\leetcode\\by_topic\\dynamic_programming\LC139_word-break.md","duplicate_existing",""
"A_leetcode_by_topic","D:\Workspace\PracticeHistory\LeetCode\DP\LC198_house-robber.md","D:\StudyBook\coding_challenges\leetcode\\by_topic\\dynamic_programming\LC198_house-robber.md","duplicate_existing",""
"A_leetcode_by_topic","D:\Workspace\PracticeHistory\LeetCode\DP\LC213_house-robber-ii.md","D:\StudyBook\coding_challenges\leetcode\\by_topic\\dynamic_programming\LC213_house-robber-ii.md","duplicate_existing",""
"A_leetcode_by_topic","D:\Workspace\PracticeHistory\LeetCode\DP\LC300_longest-increasing-subsequence.md","D:\StudyBook\coding_challenges\leetcode\\by_topic\\dynamic_programming\LC300_longest-increasing-subsequence.md","duplicate_existing",""
"A_leetcode_by_topic","D:\Workspace\PracticeHistory\LeetCode\DP\LC322_coin-change.md","D:\StudyBook\coding_challenges\leetcode\\by_topic\\dynamic_programming\LC322_coin-change.md","duplicate_existing",""
"A_leetcode_by_topic","D:\Workspace\PracticeHistory\LeetCode\DP\LC416_partition-equal-subset-sum.md","D:\StudyBook\coding_challenges\leetcode\\by_topic\\dynamic_programming\LC416_partition-equal-subset-sum.md","duplicate_existing",""
"A_leetcode_by_topic","D:\Workspace\PracticeHistory\LeetCode\DP\LC583_delete-operation-for-two-strings.md","D:\StudyBook\coding_challenges\leetcode\\by_topic\\dynamic_programming\LC583_delete-operation-for-two-strings.md","duplicate_existing",""
"A_leetcode_by_topic","D:\Workspace\PracticeHistory\LeetCode\DP\LC647_palindromic-substrings.md","D:\StudyBook\coding_challenges\leetcode\\by_topic\\dynamic_programming\LC647_palindromic-substrings.md","duplicate_existing",""
"A_leetcode_by_topic","D:\Workspace\PracticeHistory\LeetCode\DP\LC746_min-cost-climbing-stairs.md","D:\StudyBook\coding_challenges\leetcode\\by_topic\\dynamic_programming\LC746_min-cost-climbing-stairs.md","duplicate_existing",""
"A_leetcode_by_topic","D:\Workspace\PracticeHistory\LeetCode\Graphs\LC045_jump-game-ii.md","D:\StudyBook\coding_challenges\leetcode\\by_topic\\graphs\LC045_jump-game-ii.md","duplicate_existing",""
"A_leetcode_by_topic","D:\Workspace\PracticeHistory\LeetCode\Graphs\LC079_word-search.md","D:\StudyBook\coding_challenges\leetcode\\by_topic\\graphs\LC079_word-search.md","duplicate_existing",""
"A_leetcode_by_topic","D:\Workspace\PracticeHistory\LeetCode\Graphs\LC102_binary-tree-level-order-traversal.md","D:\StudyBook\coding_challenges\leetcode\\by_topic\\graphs\LC102_binary-tree-level-order-traversal.md","duplicate_existing",""
"A_leetcode_by_topic","D:\Workspace\PracticeHistory\LeetCode\Graphs\LC104_maximum-depth-of-binary-tree.md","D:\StudyBook\coding_challenges\leetcode\\by_topic\\graphs\LC104_maximum-depth-of-binary-tree.md","duplicate_existing",""
"A_leetcode_by_topic","D:\Workspace\PracticeHistory\LeetCode\Graphs\LC1091_shortest-path-in-binary-matrix.md","D:\StudyBook\coding_challenges\leetcode\\by_topic\\graphs\LC1091_shortest-path-in-binary-matrix.md","duplicate_existing",""
"A_leetcode_by_topic","D:\Workspace\PracticeHistory\LeetCode\Graphs\LC127_word-ladder.md","D:\StudyBook\coding_challenges\leetcode\\by_topic\\graphs\LC127_word-ladder.md","duplicate_existing",""
"A_leetcode_by_topic","D:\Workspace\PracticeHistory\LeetCode\Graphs\LC130_surrounded-regions.md","D:\StudyBook\coding_challenges\leetcode\\by_topic\\graphs\LC130_surrounded-regions.md","duplicate_existing",""
"A_leetcode_by_topic","D:\Workspace\PracticeHistory\LeetCode\Graphs\LC199_binary-tree-right-side-view.md","D:\StudyBook\coding_challenges\leetcode\\by_topic\\graphs\LC199_binary-tree-right-side-view.md","duplicate_existing",""
"A_leetcode_by_topic","D:\Workspace\PracticeHistory\LeetCode\Graphs\LC200_number-of-islands.md","D:\StudyBook\coding_challenges\leetcode\\by_topic\\graphs\LC200_number-of-islands.md","duplicate_existing",""
"A_leetcode_by_topic","D:\Workspace\PracticeHistory\LeetCode\Graphs\LC207_course-schedule.md","D:\StudyBook\coding_challenges\leetcode\\by_topic\\graphs\LC207_course-schedule.md","duplicate_existing",""
"A_leetcode_by_topic","D:\Workspace\PracticeHistory\LeetCode\Graphs\LC210_course-schedule-ii.md","D:\StudyBook\coding_challenges\leetcode\\by_topic\\graphs\LC210_course-schedule-ii.md","duplicate_existing",""
"A_leetcode_by_topic","D:\Workspace\PracticeHistory\LeetCode\Graphs\LC211_design-add-and-search-words-data-structure.md","D:\StudyBook\coding_challenges\leetcode\\by_topic\\graphs\LC211_design-add-and-search-words-data-structure.md","duplicate_existing",""
"A_leetcode_by_topic","D:\Workspace\PracticeHistory\LeetCode\Graphs\LC212_word-search-ii.md","D:\StudyBook\coding_challenges\leetcode\\by_topic\\graphs\LC212_word-search-ii.md","duplicate_existing",""
"A_leetcode_by_topic","D:\Workspace\PracticeHistory\LeetCode\Graphs\LC226_invert-binary-tree.md","D:\StudyBook\coding_challenges\leetcode\\by_topic\\graphs\LC226_invert-binary-tree.md","duplicate_existing",""
"A_leetcode_by_topic","D:\Workspace\PracticeHistory\LeetCode\Graphs\LC261_graph-valid-tree.md","D:\StudyBook\coding_challenges\leetcode\\by_topic\\graphs\LC261_graph-valid-tree.md","duplicate_existing",""
"A_leetcode_by_topic","D:\Workspace\PracticeHistory\LeetCode\Graphs\LC269_alien-dictionary.md","D:\StudyBook\coding_challenges\leetcode\\by_topic\\graphs\LC269_alien-dictionary.md","duplicate_existing",""
"A_leetcode_by_topic","D:\Workspace\PracticeHistory\LeetCode\Graphs\LC297_serialize-and-deserialize-binary-tree.md","D:\StudyBook\coding_challenges\leetcode\\by_topic\\graphs\LC297_serialize-and-deserialize-binary-tree.md","duplicate_existing",""
"A_leetcode_by_topic","D:\Workspace\PracticeHistory\LeetCode\Graphs\LC323_number-of-connected-components.md","D:\StudyBook\coding_challenges\leetcode\\by_topic\\graphs\LC323_number-of-connected-components.md","duplicate_existing",""
"A_leetcode_by_topic","D:\Workspace\PracticeHistory\LeetCode\Graphs\LC417_pacific-atlantic-water-flow.md","D:\StudyBook\coding_challenges\leetcode\\by_topic\\graphs\LC417_pacific-atlantic-water-flow.md","duplicate_existing",""
"A_leetcode_by_topic","D:\Workspace\PracticeHistory\LeetCode\Graphs\LC513_find-bottom-left-tree-value.md","D:\StudyBook\coding_challenges\leetcode\\by_topic\\graphs\LC513_find-bottom-left-tree-value.md","duplicate_existing",""
"A_leetcode_by_topic","D:\Workspace\PracticeHistory\LeetCode\Graphs\LC547_number-of-provinces.md","D:\StudyBook\coding_challenges\leetcode\\by_topic\\graphs\LC547_number-of-provinces.md","duplicate_existing",""
"A_leetcode_by_topic","D:\Workspace\PracticeHistory\LeetCode\Graphs\LC684_redundant-connection.md","D:\StudyBook\coding_challenges\leetcode\\by_topic\\graphs\LC684_redundant-connection.md","duplicate_existing",""
"A_leetcode_by_topic","D:\Workspace\PracticeHistory\LeetCode\Graphs\LC743_network-delay-time.md","D:\StudyBook\coding_challenges\leetcode\\by_topic\\graphs\LC743_network-delay-time.md","duplicate_existing",""
"A_leetcode_by_topic","D:\Workspace\PracticeHistory\LeetCode\Graphs\LC787_cheapest-flights-within-k-stops.md","D:\StudyBook\coding_challenges\leetcode\\by_topic\\graphs\LC787_cheapest-flights-within-k-stops.md","duplicate_existing",""
"A_leetcode_by_topic","D:\Workspace\PracticeHistory\LeetCode\Graphs\LC994_rotting-oranges.md","D:\StudyBook\coding_challenges\leetcode\\by_topic\\graphs\LC994_rotting-oranges.md","duplicate_existing",""
"A_leetcode_by_topic","D:\Workspace\PracticeHistory\LeetCode\Hashing\LC001_two-sum.md","D:\StudyBook\coding_challenges\leetcode\\by_topic\\hashing\LC001_two-sum.md","duplicate_existing",""
"A_leetcode_by_topic","D:\Workspace\PracticeHistory\LeetCode\Hashing\LC046_permutations.md","D:\StudyBook\coding_challenges\leetcode\\by_topic\\hashing\LC046_permutations.md","duplicate_existing",""
"A_leetcode_by_topic","D:\Workspace\PracticeHistory\LeetCode\Hashing\LC049_group-anagrams.md","D:\StudyBook\coding_challenges\leetcode\\by_topic\\hashing\LC049_group-anagrams.md","duplicate_existing",""
"A_leetcode_by_topic","D:\Workspace\PracticeHistory\LeetCode\Hashing\LC078_subsets.md","D:\StudyBook\coding_challenges\leetcode\\by_topic\\hashing\LC078_subsets.md","duplicate_existing",""
"A_leetcode_by_topic","D:\Workspace\PracticeHistory\LeetCode\Hashing\LC134_gas-station.md","D:\StudyBook\coding_challenges\leetcode\\by_topic\\hashing\LC134_gas-station.md","duplicate_existing",""
"A_leetcode_by_topic","D:\Workspace\PracticeHistory\LeetCode\Hashing\LC217_contains-duplicate.md","D:\StudyBook\coding_challenges\leetcode\\by_topic\\hashing\LC217_contains-duplicate.md","duplicate_existing",""
"A_leetcode_by_topic","D:\Workspace\PracticeHistory\LeetCode\Hashing\LC242_valid-anagram.md","D:\StudyBook\coding_challenges\leetcode\\by_topic\\hashing\LC242_valid-anagram.md","duplicate_existing",""
"A_leetcode_by_topic","D:\Workspace\PracticeHistory\LeetCode\Hashing\LC846_hand-of-straights.md","D:\StudyBook\coding_challenges\leetcode\\by_topic\\hashing\LC846_hand-of-straights.md","duplicate_existing",""
"A_leetcode_by_topic","D:\Workspace\PracticeHistory\LeetCode\Heaps\LC016_3sum-closest.md","D:\StudyBook\coding_challenges\leetcode\\by_topic\\heaps\LC016_3sum-closest.md","duplicate_existing",""
"A_leetcode_by_topic","D:\Workspace\PracticeHistory\LeetCode\Heaps\LC1046_last-stone-weight.md","D:\StudyBook\coding_challenges\leetcode\\by_topic\\heaps\LC1046_last-stone-weight.md","duplicate_existing",""
"A_leetcode_by_topic","D:\Workspace\PracticeHistory\LeetCode\Heaps\LC215_kth-largest-element-in-an-array.md","D:\StudyBook\coding_challenges\leetcode\\by_topic\\heaps\LC215_kth-largest-element-in-an-array.md","duplicate_existing",""
"A_leetcode_by_topic","D:\Workspace\PracticeHistory\LeetCode\Heaps\LC295_find-median-from-data-stream.md","D:\StudyBook\coding_challenges\leetcode\\by_topic\\heaps\LC295_find-median-from-data-stream.md","duplicate_existing",""
"A_leetcode_by_topic","D:\Workspace\PracticeHistory\LeetCode\Heaps\LC347_top-k-frequent-elements.md","D:\StudyBook\coding_challenges\leetcode\\by_topic\\heaps\LC347_top-k-frequent-elements.md","duplicate_existing",""
"A_leetcode_by_topic","D:\Workspace\PracticeHistory\LeetCode\Heaps\LC703_kth-largest-element-in-a-stream.md","D:\StudyBook\coding_challenges\leetcode\\by_topic\\heaps\LC703_kth-largest-element-in-a-stream.md","duplicate_existing",""
"A_leetcode_by_topic","D:\Workspace\PracticeHistory\LeetCode\Heaps\LC973_k-closest-points-to-origin.md","D:\StudyBook\coding_challenges\leetcode\\by_topic\\heaps\LC973_k-closest-points-to-origin.md","duplicate_existing",""
"A_leetcode_by_topic","D:\Workspace\PracticeHistory\LeetCode\Intervals\LC056_merge-intervals.md","D:\StudyBook\coding_challenges\leetcode\\by_topic\\intervals\LC056_merge-intervals.md","duplicate_existing",""
"A_leetcode_by_topic","D:\Workspace\PracticeHistory\LeetCode\Intervals\LC057_insert-interval.md","D:\StudyBook\coding_challenges\leetcode\\by_topic\\intervals\LC057_insert-interval.md","duplicate_existing",""
"A_leetcode_by_topic","D:\Workspace\PracticeHistory\LeetCode\Intervals\LC253_meeting-rooms-ii.md","D:\StudyBook\coding_challenges\leetcode\\by_topic\\intervals\LC253_meeting-rooms-ii.md","duplicate_existing",""
"A_leetcode_by_topic","D:\Workspace\PracticeHistory\LeetCode\Intervals\LC435_non-overlapping-intervals.md","D:\StudyBook\coding_challenges\leetcode\\by_topic\\intervals\LC435_non-overlapping-intervals.md","duplicate_existing",""
"A_leetcode_by_topic","D:\Workspace\PracticeHistory\LeetCode\Intervals\LC452_minimum-number-of-arrows-to-burst-balloons.md","D:\StudyBook\coding_challenges\leetcode\\by_topic\\intervals\LC452_minimum-number-of-arrows-to-burst-balloons.md","duplicate_existing",""
"A_leetcode_by_topic","D:\Workspace\PracticeHistory\LeetCode\Intervals\LC516_longest-palindromic-subsequence.md","D:\StudyBook\coding_challenges\leetcode\\by_topic\\intervals\LC516_longest-palindromic-subsequence.md","duplicate_existing",""
"A_leetcode_by_topic","D:\Workspace\PracticeHistory\LeetCode\Intervals\LC986_interval-list-intersections.md","D:\StudyBook\coding_challenges\leetcode\\by_topic\\intervals\LC986_interval-list-intersections.md","duplicate_existing",""
"A_leetcode_by_topic","D:\Workspace\PracticeHistory\LeetCode\LinkedList\LC019_remove-nth-node-from-end-of-list.md","D:\StudyBook\coding_challenges\leetcode\\by_topic\\linked_list\LC019_remove-nth-node-from-end-of-list.md","duplicate_existing",""
"A_leetcode_by_topic","D:\Workspace\PracticeHistory\LeetCode\LinkedList\LC021_merge-two-sorted-lists.md","D:\StudyBook\coding_challenges\leetcode\\by_topic\\linked_list\LC021_merge-two-sorted-lists.md","duplicate_existing",""
"A_leetcode_by_topic","D:\Workspace\PracticeHistory\LeetCode\LinkedList\LC141_linked-list-cycle.md","D:\StudyBook\coding_challenges\leetcode\\by_topic\\linked_list\LC141_linked-list-cycle.md","duplicate_existing",""
"A_leetcode_by_topic","D:\Workspace\PracticeHistory\LeetCode\LinkedList\LC143_reorder-list.md","D:\StudyBook\coding_challenges\leetcode\\by_topic\\linked_list\LC143_reorder-list.md","duplicate_existing",""
"A_leetcode_by_topic","D:\Workspace\PracticeHistory\LeetCode\LinkedList\LC206_reverse-linked-list.md","D:\StudyBook\coding_challenges\leetcode\\by_topic\\linked_list\LC206_reverse-linked-list.md","duplicate_existing",""
"A_leetcode_by_topic","D:\Workspace\PracticeHistory\LeetCode\Mixed\LC023_merge-k-sorted-lists.md","D:\StudyBook\coding_challenges\leetcode\\by_topic\\mixed\LC023_merge-k-sorted-lists.md","duplicate_existing",""
"A_leetcode_by_topic","D:\Workspace\PracticeHistory\LeetCode\Mixed\LC039_combination-sum.md","D:\StudyBook\coding_challenges\leetcode\\by_topic\\mixed\LC039_combination-sum.md","duplicate_existing",""
"A_leetcode_by_topic","D:\Workspace\PracticeHistory\LeetCode\Mixed\LC112_path-sum.md","D:\StudyBook\coding_challenges\leetcode\\by_topic\\mixed\LC112_path-sum.md","duplicate_existing",""
"A_leetcode_by_topic","D:\Workspace\PracticeHistory\LeetCode\Mixed\LC312_burst-balloons.md","D:\StudyBook\coding_challenges\leetcode\\by_topic\\mixed\LC312_burst-balloons.md","duplicate_existing",""
"A_leetcode_by_topic","D:\Workspace\PracticeHistory\LeetCode\Mixed\LC373_find-k-pairs-with-smallest-sums.md","D:\StudyBook\coding_challenges\leetcode\\by_topic\\mixed\LC373_find-k-pairs-with-smallest-sums.md","duplicate_existing",""
"A_leetcode_by_topic","D:\Workspace\PracticeHistory\LeetCode\SlidingWindow\LC325_maximum-size-subarray-sum-equals-k.md","D:\StudyBook\coding_challenges\leetcode\\by_topic\\sliding_window\LC325_maximum-size-subarray-sum-equals-k.md","duplicate_existing",""
"A_leetcode_by_topic","D:\Workspace\PracticeHistory\LeetCode\SlidingWindow\LC424_longest-repeating-character-replacement.md","D:\StudyBook\coding_challenges\leetcode\\by_topic\\sliding_window\LC424_longest-repeating-character-replacement.md","duplicate_existing",""
"A_leetcode_by_topic","D:\Workspace\PracticeHistory\LeetCode\SlidingWindow\LC560_subarray-sum-equals-k.md","D:\StudyBook\coding_challenges\leetcode\\by_topic\\sliding_window\LC560_subarray-sum-equals-k.md","duplicate_existing",""
"A_leetcode_by_topic","D:\Workspace\PracticeHistory\LeetCode\Stack\LC020_valid-parentheses.md","D:\StudyBook\coding_challenges\leetcode\\by_topic\\stack\LC020_valid-parentheses.md","duplicate_existing",""
"A_leetcode_by_topic","D:\Workspace\PracticeHistory\LeetCode\Stack\LC084_largest-rectangle-in-histogram.md","D:\StudyBook\coding_challenges\leetcode\\by_topic\\stack\LC084_largest-rectangle-in-histogram.md","duplicate_existing",""
"A_leetcode_by_topic","D:\Workspace\PracticeHistory\LeetCode\Stack\LC150_evaluate-reverse-polish-notation.md","D:\StudyBook\coding_challenges\leetcode\\by_topic\\stack\LC150_evaluate-reverse-polish-notation.md","duplicate_existing",""
"A_leetcode_by_topic","D:\Workspace\PracticeHistory\LeetCode\Stack\LC155_min-stack.md","D:\StudyBook\coding_challenges\leetcode\\by_topic\\stack\LC155_min-stack.md","duplicate_existing",""
"A_leetcode_by_topic","D:\Workspace\PracticeHistory\LeetCode\Stack\LC239_sliding-window-maximum.md","D:\StudyBook\coding_challenges\leetcode\\by_topic\\stack\LC239_sliding-window-maximum.md","duplicate_existing",""
"A_leetcode_by_topic","D:\Workspace\PracticeHistory\LeetCode\Stack\LC496_next-greater-element-i.md","D:\StudyBook\coding_challenges\leetcode\\by_topic\\stack\LC496_next-greater-element-i.md","duplicate_existing",""
"A_leetcode_by_topic","D:\Workspace\PracticeHistory\LeetCode\Stack\LC503_next-greater-element-ii.md","D:\StudyBook\coding_challenges\leetcode\\by_topic\\stack\LC503_next-greater-element-ii.md","duplicate_existing",""
"A_leetcode_by_topic","D:\Workspace\PracticeHistory\LeetCode\Stack\LC739_daily-temperatures.md","D:\StudyBook\coding_challenges\leetcode\\by_topic\\stack\LC739_daily-temperatures.md","duplicate_existing",""
"A_leetcode_by_topic","D:\Workspace\PracticeHistory\LeetCode\Stack\LC853_car-fleet.md","D:\StudyBook\coding_challenges\leetcode\\by_topic\\stack\LC853_car-fleet.md","duplicate_existing",""
"A_leetcode_by_topic","D:\Workspace\PracticeHistory\LeetCode\Stack\LC901_online-stock-span.md","D:\StudyBook\coding_challenges\leetcode\\by_topic\\stack\LC901_online-stock-span.md","duplicate_existing",""
"A_leetcode_by_topic","D:\Workspace\PracticeHistory\LeetCode\Trees\LC003_longest-substring-without-repeating-characters.md","D:\StudyBook\coding_challenges\leetcode\\by_topic\\trees\LC003_longest-substring-without-repeating-characters.md","duplicate_existing",""
"A_leetcode_by_topic","D:\Workspace\PracticeHistory\LeetCode\Trees\LC076_minimum-window-substring.md","D:\StudyBook\coding_challenges\leetcode\\by_topic\\trees\LC076_minimum-window-substring.md","duplicate_existing",""
"A_leetcode_by_topic","D:\Workspace\PracticeHistory\LeetCode\Trees\LC208_implement-trie-prefix-tree.md","D:\StudyBook\coding_challenges\leetcode\\by_topic\\trees\LC208_implement-trie-prefix-tree.md","duplicate_existing",""
"A_leetcode_by_topic","D:\Workspace\PracticeHistory\LeetCode\Trees\LC236_lowest-common-ancestor-of-a-binary-tree.md","D:\StudyBook\coding_challenges\leetcode\\by_topic\\trees\LC236_lowest-common-ancestor-of-a-binary-tree.md","duplicate_existing",""
"A_leetcode_by_topic","D:\Workspace\PracticeHistory\LeetCode\Trees\LC543_diameter-of-binary-tree.md","D:\StudyBook\coding_challenges\leetcode\\by_topic\\trees\LC543_diameter-of-binary-tree.md","duplicate_existing",""
"A_leetcode_by_topic","D:\Workspace\PracticeHistory\LeetCode\Trees\LC572_subtree-of-another-tree.md","D:\StudyBook\coding_challenges\leetcode\\by_topic\\trees\LC572_subtree-of-another-tree.md","duplicate_existing",""
"A_leetcode_by_topic","D:\Workspace\PracticeHistory\LeetCode\Trees\LC987_vertical-order-traversal-of-binary-tree.md","D:\StudyBook\coding_challenges\leetcode\\by_topic\\trees\LC987_vertical-order-traversal-of-binary-tree.md","duplicate_existing",""
"A_leetcode_by_topic","D:\Workspace\PracticeHistory\LeetCode\TwoPointers\LC011_container-with-most-water.md","D:\StudyBook\coding_challenges\leetcode\\by_topic\\two_pointers\LC011_container-with-most-water.md","duplicate_existing",""
"A_leetcode_by_topic","D:\Workspace\PracticeHistory\LeetCode\TwoPointers\LC015_3sum.md","D:\StudyBook\coding_challenges\leetcode\\by_topic\\two_pointers\LC015_3sum.md","duplicate_existing",""
"A_leetcode_by_topic","D:\Workspace\PracticeHistory\LeetCode\TwoPointers\LC042_trapping-rain-water.md","D:\StudyBook\coding_challenges\leetcode\\by_topic\\two_pointers\LC042_trapping-rain-water.md","duplicate_existing",""
"A_leetcode_by_topic","D:\Workspace\PracticeHistory\LeetCode\TwoPointers\LC167_two-sum-ii-input-array-is-sorted.md","D:\StudyBook\coding_challenges\leetcode\\by_topic\\two_pointers\LC167_two-sum-ii-input-array-is-sorted.md","duplicate_existing",""
"B_leetcode_active","D:\Workspace\newStudy\CLAUDE_PRE_GEMINI_PROMPT.md","D:\StudyBook\coding_challenges\leetcode\\active\CLAUDE_PRE_GEMINI_PROMPT.md","duplicate_existing",""
"B_leetcode_active","D:\Workspace\newStudy\ENHANCED_MASTERPROMPT.md","D:\StudyBook\coding_challenges\leetcode\\active\ENHANCED_MASTERPROMPT.md","duplicate_existing",""
"B_leetcode_active","D:\Workspace\newStudy\SampleCallToGemini.md","D:\StudyBook\coding_challenges\leetcode\\active\SampleCallToGemini.md","duplicate_existing",""
"B_leetcode_active","D:\Workspace\newStudy\SampleFinalCallToClaude.md","D:\StudyBook\coding_challenges\leetcode\\active\SampleFinalCallToClaude.md","duplicate_existing",""
"B_leetcode_active","D:\Workspace\newStudy\SampleIntial_call.md","D:\StudyBook\coding_challenges\leetcode\\active\SampleIntial_call.md","duplicate_existing",""
"B_leetcode_active","D:\Workspace\newStudy\WORKFLOW.md","D:\StudyBook\coding_challenges\leetcode\\active\WORKFLOW.md","duplicate_existing",""
"B_leetcode_active","D:\Workspace\newStudy\Day-01\notebooks\1.ipynb","D:\StudyBook\coding_challenges\leetcode\\active\Day-01\\notebooks\\1.ipynb","duplicate_existing",""
"B_leetcode_active","D:\Workspace\newStudy\Day-01\notebooks\217.ipynb","D:\StudyBook\coding_challenges\leetcode\\active\Day-01\\notebooks\\217.ipynb","duplicate_existing",""
"B_leetcode_active","D:\Workspace\newStudy\Day-01\notebooks\238.ipynb","D:\StudyBook\coding_challenges\leetcode\\active\Day-01\\notebooks\\238.ipynb","duplicate_existing",""
"B_leetcode_active","D:\Workspace\newStudy\Day-01\notebooks\242.ipynb","D:\StudyBook\coding_challenges\leetcode\\active\Day-01\\notebooks\\242.ipynb","duplicate_existing",""
"B_leetcode_active","D:\Workspace\newStudy\Day-01\notebooks\347.ipynb","D:\StudyBook\coding_challenges\leetcode\\active\Day-01\\notebooks\\347.ipynb","duplicate_existing",""
"B_leetcode_active","D:\Workspace\newStudy\Day-01\notebooks\.ipynb_checkpoints\1-checkpoint.ipynb","D:\StudyBook\coding_challenges\leetcode\\active\Day-01\\notebooks\\.ipynb_checkpoints\\1-checkpoint.ipynb","duplicate_existing",""
"B_leetcode_active","D:\Workspace\newStudy\Day-01\notebooks\.ipynb_checkpoints\217-checkpoint.ipynb","D:\StudyBook\coding_challenges\leetcode\\active\Day-01\\notebooks\\.ipynb_checkpoints\\217-checkpoint.ipynb","duplicate_existing",""
"B_leetcode_active","D:\Workspace\newStudy\Day-01\notebooks\.ipynb_checkpoints\238-checkpoint.ipynb","D:\StudyBook\coding_challenges\leetcode\\active\Day-01\\notebooks\\.ipynb_checkpoints\\238-checkpoint.ipynb","duplicate_existing",""
"B_leetcode_active","D:\Workspace\newStudy\Day-01\notebooks\.ipynb_checkpoints\242-checkpoint.ipynb","D:\StudyBook\coding_challenges\leetcode\\active\Day-01\\notebooks\\.ipynb_checkpoints\\242-checkpoint.ipynb","duplicate_existing",""
"B_leetcode_active","D:\Workspace\newStudy\Day-01\notebooks\.ipynb_checkpoints\347-checkpoint.ipynb","D:\StudyBook\coding_challenges\leetcode\\active\Day-01\\notebooks\\.ipynb_checkpoints\\347-checkpoint.ipynb","duplicate_existing",""
"B_leetcode_active","D:\Workspace\newStudy\Day-02\notebooks\121.ipynb","D:\StudyBook\coding_challenges\leetcode\\active\Day-02\\notebooks\\121.ipynb","duplicate_existing",""
"B_leetcode_active","D:\Workspace\newStudy\Day-02\notebooks\239.ipynb","D:\StudyBook\coding_challenges\leetcode\\active\Day-02\\notebooks\\239.ipynb","duplicate_existing",""
"B_leetcode_active","D:\Workspace\newStudy\Day-02\notebooks\3.ipynb","D:\StudyBook\coding_challenges\leetcode\\active\Day-02\\notebooks\\3.ipynb","duplicate_existing",""
"B_leetcode_active","D:\Workspace\newStudy\Day-02\notebooks\424.ipynb","D:\StudyBook\coding_challenges\leetcode\\active\Day-02\\notebooks\\424.ipynb","duplicate_existing",""
"B_leetcode_active","D:\Workspace\newStudy\Day-02\notebooks\76.ipynb","D:\StudyBook\coding_challenges\leetcode\\active\Day-02\\notebooks\\76.ipynb","duplicate_existing",""
"B_leetcode_active","D:\Workspace\newStudy\Day-02\notebooks\.ipynb_checkpoints\121-checkpoint.ipynb","D:\StudyBook\coding_challenges\leetcode\\active\Day-02\\notebooks\\.ipynb_checkpoints\\121-checkpoint.ipynb","duplicate_existing",""
"B_leetcode_active","D:\Workspace\newStudy\Day-02\notebooks\.ipynb_checkpoints\239-checkpoint.ipynb","D:\StudyBook\coding_challenges\leetcode\\active\Day-02\\notebooks\\.ipynb_checkpoints\\239-checkpoint.ipynb","duplicate_existing",""
"B_leetcode_active","D:\Workspace\newStudy\Day-02\notebooks\.ipynb_checkpoints\3-checkpoint.ipynb","D:\StudyBook\coding_challenges\leetcode\\active\Day-02\\notebooks\\.ipynb_checkpoints\\3-checkpoint.ipynb","duplicate_existing",""
"B_leetcode_active","D:\Workspace\newStudy\Day-02\notebooks\.ipynb_checkpoints\424-checkpoint.ipynb","D:\StudyBook\coding_challenges\leetcode\\active\Day-02\\notebooks\\.ipynb_checkpoints\\424-checkpoint.ipynb","duplicate_existing",""
"B_leetcode_active","D:\Workspace\newStudy\Day-02\notebooks\.ipynb_checkpoints\76-checkpoint.ipynb","D:\StudyBook\coding_challenges\leetcode\\active\Day-02\\notebooks\\.ipynb_checkpoints\\76-checkpoint.ipynb","duplicate_existing",""
"B_leetcode_active","D:\Workspace\newStudy\Day-03\notebooks\155.ipynb","D:\StudyBook\coding_challenges\leetcode\\active\Day-03\\notebooks\\155.ipynb","duplicate_existing",""
"B_leetcode_active","D:\Workspace\newStudy\Day-03\notebooks\20.ipynb","D:\StudyBook\coding_challenges\leetcode\\active\Day-03\\notebooks\\20.ipynb","duplicate_existing",""
"B_leetcode_active","D:\Workspace\newStudy\Day-03\notebooks\739.ipynb","D:\StudyBook\coding_challenges\leetcode\\active\Day-03\\notebooks\\739.ipynb","duplicate_existing",""
"B_leetcode_active","D:\Workspace\newStudy\Day-03\notebooks\84.ipynb","D:\StudyBook\coding_challenges\leetcode\\active\Day-03\\notebooks\\84.ipynb","duplicate_existing",""
"B_leetcode_active","D:\Workspace\newStudy\Day-03\notebooks\853.ipynb","D:\StudyBook\coding_challenges\leetcode\\active\Day-03\\notebooks\\853.ipynb","duplicate_existing",""
"B_leetcode_active","D:\Workspace\newStudy\Day-03\notebooks\.ipynb_checkpoints\155-checkpoint.ipynb","D:\StudyBook\coding_challenges\leetcode\\active\Day-03\\notebooks\\.ipynb_checkpoints\\155-checkpoint.ipynb","duplicate_existing",""
"B_leetcode_active","D:\Workspace\newStudy\Day-03\notebooks\.ipynb_checkpoints\20-checkpoint.ipynb","D:\StudyBook\coding_challenges\leetcode\\active\Day-03\\notebooks\\.ipynb_checkpoints\\20-checkpoint.ipynb","duplicate_existing",""
"B_leetcode_active","D:\Workspace\newStudy\Day-03\notebooks\.ipynb_checkpoints\739-checkpoint.ipynb","D:\StudyBook\coding_challenges\leetcode\\active\Day-03\\notebooks\\.ipynb_checkpoints\\739-checkpoint.ipynb","duplicate_existing",""
"B_leetcode_active","D:\Workspace\newStudy\Day-03\notebooks\.ipynb_checkpoints\84-checkpoint.ipynb","D:\StudyBook\coding_challenges\leetcode\\active\Day-03\\notebooks\\.ipynb_checkpoints\\84-checkpoint.ipynb","duplicate_existing",""
"B_leetcode_active","D:\Workspace\newStudy\Day-03\notebooks\.ipynb_checkpoints\853-checkpoint.ipynb","D:\StudyBook\coding_challenges\leetcode\\active\Day-03\\notebooks\\.ipynb_checkpoints\\853-checkpoint.ipynb","duplicate_existing",""
"B_leetcode_active","D:\Workspace\newStudy\Day-04\notebooks\153.ipynb","D:\StudyBook\coding_challenges\leetcode\\active\Day-04\\notebooks\\153.ipynb","duplicate_existing",""
"B_leetcode_active","D:\Workspace\newStudy\Day-04\notebooks\33.ipynb","D:\StudyBook\coding_challenges\leetcode\\active\Day-04\\notebooks\\33.ipynb","duplicate_existing",""
"B_leetcode_active","D:\Workspace\newStudy\Day-04\notebooks\704.ipynb","D:\StudyBook\coding_challenges\leetcode\\active\Day-04\\notebooks\\704.ipynb","duplicate_existing",""
"B_leetcode_active","D:\Workspace\newStudy\Day-04\notebooks\74.ipynb","D:\StudyBook\coding_challenges\leetcode\\active\Day-04\\notebooks\\74.ipynb","duplicate_existing",""
"B_leetcode_active","D:\Workspace\newStudy\Day-04\notebooks\981.ipynb","D:\StudyBook\coding_challenges\leetcode\\active\Day-04\\notebooks\\981.ipynb","duplicate_existing",""
"B_leetcode_active","D:\Workspace\newStudy\Day-04\notebooks\.ipynb_checkpoints\33-checkpoint.ipynb","D:\StudyBook\coding_challenges\leetcode\\active\Day-04\\notebooks\\.ipynb_checkpoints\\33-checkpoint.ipynb","duplicate_existing",""
"B_leetcode_active","D:\Workspace\newStudy\Day-04\notebooks\.ipynb_checkpoints\704-checkpoint.ipynb","D:\StudyBook\coding_challenges\leetcode\\active\Day-04\\notebooks\\.ipynb_checkpoints\\704-checkpoint.ipynb","duplicate_existing",""
"B_leetcode_active","D:\Workspace\newStudy\Day-04\notebooks\.ipynb_checkpoints\74-checkpoint.ipynb","D:\StudyBook\coding_challenges\leetcode\\active\Day-04\\notebooks\\.ipynb_checkpoints\\74-checkpoint.ipynb","duplicate_existing",""
"B_leetcode_active","D:\Workspace\newStudy\Day-05\notebooks\1046.ipynb","D:\StudyBook\coding_challenges\leetcode\\active\Day-05\\notebooks\\1046.ipynb","duplicate_existing",""
"B_leetcode_active","D:\Workspace\newStudy\Day-05\notebooks\215.ipynb","D:\StudyBook\coding_challenges\leetcode\\active\Day-05\\notebooks\\215.ipynb","duplicate_existing",""
"B_leetcode_active","D:\Workspace\newStudy\Day-05\notebooks\295.ipynb","D:\StudyBook\coding_challenges\leetcode\\active\Day-05\\notebooks\\295.ipynb","duplicate_existing",""
"B_leetcode_active","D:\Workspace\newStudy\Day-05\notebooks\703.ipynb","D:\StudyBook\coding_challenges\leetcode\\active\Day-05\\notebooks\\703.ipynb","duplicate_existing",""
"B_leetcode_active","D:\Workspace\newStudy\Day-05\notebooks\973.ipynb","D:\StudyBook\coding_challenges\leetcode\\active\Day-05\\notebooks\\973.ipynb","duplicate_existing",""
"B_leetcode_active","D:\Workspace\newStudy\Day-06\notebooks\253.ipynb","D:\StudyBook\coding_challenges\leetcode\\active\Day-06\\notebooks\\253.ipynb","duplicate_existing",""
"B_leetcode_active","D:\Workspace\newStudy\Day-06\notebooks\435.ipynb","D:\StudyBook\coding_challenges\leetcode\\active\Day-06\\notebooks\\435.ipynb","duplicate_existing",""
"B_leetcode_active","D:\Workspace\newStudy\Day-06\notebooks\56.ipynb","D:\StudyBook\coding_challenges\leetcode\\active\Day-06\\notebooks\\56.ipynb","duplicate_existing",""
"B_leetcode_active","D:\Workspace\newStudy\Day-06\notebooks\57.ipynb","D:\StudyBook\coding_challenges\leetcode\\active\Day-06\\notebooks\\57.ipynb","duplicate_existing",""
"B_leetcode_active","D:\Workspace\newStudy\Day-06\notebooks\986.ipynb","D:\StudyBook\coding_challenges\leetcode\\active\Day-06\\notebooks\\986.ipynb","duplicate_existing",""
"B_leetcode_active","D:\Workspace\newStudy\Day-07\notebooks\242.ipynb","D:\StudyBook\coding_challenges\leetcode\\active\Day-07\\notebooks\\242.ipynb","duplicate_existing",""
"B_leetcode_active","D:\Workspace\newStudy\Day-07\notebooks\325.ipynb","D:\StudyBook\coding_challenges\leetcode\\active\Day-07\\notebooks\\325.ipynb","duplicate_existing",""
"B_leetcode_active","D:\Workspace\newStudy\Day-07\notebooks\435.ipynb","D:\StudyBook\coding_challenges\leetcode\\active\Day-07\\notebooks\\435.ipynb","duplicate_existing",""
"B_leetcode_active","D:\Workspace\newStudy\Day-08\notebooks\102.ipynb","D:\StudyBook\coding_challenges\leetcode\\active\Day-08\\notebooks\\102.ipynb","duplicate_existing",""
"B_leetcode_active","D:\Workspace\newStudy\Day-08\notebooks\104.ipynb","D:\StudyBook\coding_challenges\leetcode\\active\Day-08\\notebooks\\104.ipynb","duplicate_existing",""
"B_leetcode_active","D:\Workspace\newStudy\Day-08\notebooks\199.ipynb","D:\StudyBook\coding_challenges\leetcode\\active\Day-08\\notebooks\\199.ipynb","duplicate_existing",""
"B_leetcode_active","D:\Workspace\newStudy\Day-08\notebooks\226.ipynb","D:\StudyBook\coding_challenges\leetcode\\active\Day-08\\notebooks\\226.ipynb","duplicate_existing",""
"B_leetcode_active","D:\Workspace\newStudy\Day-09\notebooks\11.ipynb","D:\StudyBook\coding_challenges\leetcode\\active\Day-09\\notebooks\\11.ipynb","duplicate_existing",""
"B_leetcode_active","D:\Workspace\newStudy\Day-09\notebooks\15.ipynb","D:\StudyBook\coding_challenges\leetcode\\active\Day-09\\notebooks\\15.ipynb","duplicate_existing",""
"B_leetcode_active","D:\Workspace\newStudy\Day-09\notebooks\167.ipynb","D:\StudyBook\coding_challenges\leetcode\\active\Day-09\\notebooks\\167.ipynb","duplicate_existing",""
"B_leetcode_active","D:\Workspace\newStudy\Day-09\notebooks\42.ipynb","D:\StudyBook\coding_challenges\leetcode\\active\Day-09\\notebooks\\42.ipynb","duplicate_existing",""
"B_leetcode_active","D:\Workspace\newStudy\Day-09\notebooks\.ipynb_checkpoints\11-checkpoint.ipynb","D:\StudyBook\coding_challenges\leetcode\\active\Day-09\\notebooks\\.ipynb_checkpoints\\11-checkpoint.ipynb","duplicate_existing",""
"B_leetcode_active","D:\Workspace\newStudy\Day-09\notebooks\.ipynb_checkpoints\167-checkpoint.ipynb","D:\StudyBook\coding_challenges\leetcode\\active\Day-09\\notebooks\\.ipynb_checkpoints\\167-checkpoint.ipynb","duplicate_existing",""
"B_leetcode_active","D:\Workspace\newStudy\Day-09\notebooks\.ipynb_checkpoints\42-checkpoint.ipynb","D:\StudyBook\coding_challenges\leetcode\\active\Day-09\\notebooks\\.ipynb_checkpoints\\42-checkpoint.ipynb","duplicate_existing",""
"B_leetcode_active","D:\Workspace\newStudy\Day-10\notebooks\198.ipynb","D:\StudyBook\coding_challenges\leetcode\\active\Day-10\\notebooks\\198.ipynb","duplicate_existing",""
"B_leetcode_active","D:\Workspace\newStudy\Day-10\notebooks\300.ipynb","D:\StudyBook\coding_challenges\leetcode\\active\Day-10\\notebooks\\300.ipynb","duplicate_existing",""
"B_leetcode_active","D:\Workspace\newStudy\Day-10\notebooks\322.ipynb","D:\StudyBook\coding_challenges\leetcode\\active\Day-10\\notebooks\\322.ipynb","duplicate_existing",""
"B_leetcode_active","D:\Workspace\newStudy\Day-10\notebooks\70.ipynb","D:\StudyBook\coding_challenges\leetcode\\active\Day-10\\notebooks\\70.ipynb","duplicate_existing",""
"B_leetcode_active","D:\Workspace\newStudy\Day-10\notebooks\.ipynb_checkpoints\198-checkpoint.ipynb","D:\StudyBook\coding_challenges\leetcode\\active\Day-10\\notebooks\\.ipynb_checkpoints\\198-checkpoint.ipynb","duplicate_existing",""
"B_leetcode_active","D:\Workspace\newStudy\Day-10\notebooks\.ipynb_checkpoints\70-checkpoint.ipynb","D:\StudyBook\coding_challenges\leetcode\\active\Day-10\\notebooks\\.ipynb_checkpoints\\70-checkpoint.ipynb","duplicate_existing",""
"B_leetcode_active","D:\Workspace\newStudy\Day-11\notebooks\200.ipynb","D:\StudyBook\coding_challenges\leetcode\\active\Day-11\\notebooks\\200.ipynb","duplicate_existing",""
"B_leetcode_active","D:\Workspace\newStudy\Day-11\notebooks\207.ipynb","D:\StudyBook\coding_challenges\leetcode\\active\Day-11\\notebooks\\207.ipynb","duplicate_existing",""
"B_leetcode_active","D:\Workspace\newStudy\Day-11\notebooks\417.ipynb","D:\StudyBook\coding_challenges\leetcode\\active\Day-11\\notebooks\\417.ipynb","duplicate_existing",""
"B_leetcode_active","D:\Workspace\newStudy\Day-11\notebooks\684.ipynb","D:\StudyBook\coding_challenges\leetcode\\active\Day-11\\notebooks\\684.ipynb","duplicate_existing",""
"B_leetcode_active","D:\Workspace\newStudy\Day-12\notebooks\134.ipynb","D:\StudyBook\coding_challenges\leetcode\\active\Day-12\\notebooks\\134.ipynb","duplicate_existing",""
"B_leetcode_active","D:\Workspace\newStudy\Day-12\notebooks\45.ipynb","D:\StudyBook\coding_challenges\leetcode\\active\Day-12\\notebooks\\45.ipynb","duplicate_existing",""
"B_leetcode_active","D:\Workspace\newStudy\Day-12\notebooks\55.ipynb","D:\StudyBook\coding_challenges\leetcode\\active\Day-12\\notebooks\\55.ipynb","duplicate_existing",""
"B_leetcode_active","D:\Workspace\newStudy\Day-12\notebooks\846.ipynb","D:\StudyBook\coding_challenges\leetcode\\active\Day-12\\notebooks\\846.ipynb","duplicate_existing",""
"B_leetcode_active","D:\Workspace\newStudy\Day-13\notebooks\141.ipynb","D:\StudyBook\coding_challenges\leetcode\\active\Day-13\\notebooks\\141.ipynb","duplicate_existing",""
"B_leetcode_active","D:\Workspace\newStudy\Day-13\notebooks\19.ipynb","D:\StudyBook\coding_challenges\leetcode\\active\Day-13\\notebooks\\19.ipynb","duplicate_existing",""
"B_leetcode_active","D:\Workspace\newStudy\Day-13\notebooks\206.ipynb","D:\StudyBook\coding_challenges\leetcode\\active\Day-13\\notebooks\\206.ipynb","duplicate_existing",""
"B_leetcode_active","D:\Workspace\newStudy\Day-13\notebooks\21.ipynb","D:\StudyBook\coding_challenges\leetcode\\active\Day-13\\notebooks\\21.ipynb","duplicate_existing",""
"B_leetcode_active","D:\Workspace\newStudy\Day-15\notebooks\39.ipynb","D:\StudyBook\coding_challenges\leetcode\\active\Day-15\\notebooks\\39.ipynb","duplicate_existing",""
"B_leetcode_active","D:\Workspace\newStudy\Day-15\notebooks\46.ipynb","D:\StudyBook\coding_challenges\leetcode\\active\Day-15\\notebooks\\46.ipynb","duplicate_existing",""
"B_leetcode_active","D:\Workspace\newStudy\Day-15\notebooks\78.ipynb","D:\StudyBook\coding_challenges\leetcode\\active\Day-15\\notebooks\\78.ipynb","duplicate_existing",""
"B_leetcode_active","D:\Workspace\newStudy\Day-15\notebooks\79.ipynb","D:\StudyBook\coding_challenges\leetcode\\active\Day-15\\notebooks\\79.ipynb","duplicate_existing",""
"B_leetcode_active","D:\Workspace\newStudy\Day-15\notebooks\.ipynb_checkpoints\39-checkpoint.ipynb","D:\StudyBook\coding_challenges\leetcode\\active\Day-15\\notebooks\\.ipynb_checkpoints\\39-checkpoint.ipynb","duplicate_existing",""
"B_leetcode_active","D:\Workspace\newStudy\Day-16\notebooks\1143.ipynb","D:\StudyBook\coding_challenges\leetcode\\active\Day-16\\notebooks\\1143.ipynb","duplicate_existing",""
"B_leetcode_active","D:\Workspace\newStudy\Day-16\notebooks\62.ipynb","D:\StudyBook\coding_challenges\leetcode\\active\Day-16\\notebooks\\62.ipynb","duplicate_existing",""
"B_leetcode_active","D:\Workspace\newStudy\Day-16\notebooks\64.ipynb","D:\StudyBook\coding_challenges\leetcode\\active\Day-16\\notebooks\\64.ipynb","duplicate_existing",""
"B_leetcode_active","D:\Workspace\newStudy\Day-16\notebooks\72.ipynb","D:\StudyBook\coding_challenges\leetcode\\active\Day-16\\notebooks\\72.ipynb","duplicate_existing",""
"B_leetcode_active","D:\Workspace\newStudy\Day-17\notebooks\208.ipynb","D:\StudyBook\coding_challenges\leetcode\\active\Day-17\\notebooks\\208.ipynb","duplicate_existing",""
"B_leetcode_active","D:\Workspace\newStudy\Day-17\notebooks\211.ipynb","D:\StudyBook\coding_challenges\leetcode\\active\Day-17\\notebooks\\211.ipynb","duplicate_existing",""
"B_leetcode_active","D:\Workspace\newStudy\Day-17\notebooks\212.ipynb","D:\StudyBook\coding_challenges\leetcode\\active\Day-17\\notebooks\\212.ipynb","duplicate_existing",""
"B_leetcode_active","D:\Workspace\newStudy\Day-18\notebooks\136.ipynb","D:\StudyBook\coding_challenges\leetcode\\active\Day-18\\notebooks\\136.ipynb","duplicate_existing",""
"B_leetcode_active","D:\Workspace\newStudy\Day-18\notebooks\191.ipynb","D:\StudyBook\coding_challenges\leetcode\\active\Day-18\\notebooks\\191.ipynb","duplicate_existing",""
"B_leetcode_active","D:\Workspace\newStudy\Day-18\notebooks\268.ipynb","D:\StudyBook\coding_challenges\leetcode\\active\Day-18\\notebooks\\268.ipynb","duplicate_existing",""
"B_leetcode_active","D:\Workspace\newStudy\Day-18\notebooks\338.ipynb","D:\StudyBook\coding_challenges\leetcode\\active\Day-18\\notebooks\\338.ipynb","duplicate_existing",""
"B_leetcode_active","D:\Workspace\newStudy\Day-18\notebooks\371.ipynb","D:\StudyBook\coding_challenges\leetcode\\active\Day-18\\notebooks\\371.ipynb","duplicate_existing",""
"B_leetcode_active","D:\Workspace\newStudy\Day-18\notebooks\.ipynb_checkpoints\136-checkpoint.ipynb","D:\StudyBook\coding_challenges\leetcode\\active\Day-18\\notebooks\\.ipynb_checkpoints\\136-checkpoint.ipynb","duplicate_existing",""
"B_leetcode_active","D:\Workspace\newStudy\Day-18\notebooks\.ipynb_checkpoints\191-checkpoint.ipynb","D:\StudyBook\coding_challenges\leetcode\\active\Day-18\\notebooks\\.ipynb_checkpoints\\191-checkpoint.ipynb","duplicate_existing",""
"B_leetcode_active","D:\Workspace\newStudy\Day-18\notebooks\.ipynb_checkpoints\268-checkpoint.ipynb","D:\StudyBook\coding_challenges\leetcode\\active\Day-18\\notebooks\\.ipynb_checkpoints\\268-checkpoint.ipynb","duplicate_existing",""
"B_leetcode_active","D:\Workspace\newStudy\Day-18\notebooks\.ipynb_checkpoints\338-checkpoint.ipynb","D:\StudyBook\coding_challenges\leetcode\\active\Day-18\\notebooks\\.ipynb_checkpoints\\338-checkpoint.ipynb","duplicate_existing",""
"B_leetcode_active","D:\Workspace\newStudy\Day-18\notebooks\.ipynb_checkpoints\371-checkpoint.ipynb","D:\StudyBook\coding_challenges\leetcode\\active\Day-18\\notebooks\\.ipynb_checkpoints\\371-checkpoint.ipynb","duplicate_existing",""
"B_leetcode_active","D:\Workspace\newStudy\Day-22\notebooks\743.ipynb","D:\StudyBook\coding_challenges\leetcode\\active\Day-22\\notebooks\\743.ipynb","duplicate_existing",""
"B_leetcode_active","D:\Workspace\newStudy\Day-22\notebooks\787.ipynb","D:\StudyBook\coding_challenges\leetcode\\active\Day-22\\notebooks\\787.ipynb","duplicate_existing",""
"B_leetcode_active","D:\Workspace\newStudy\Day-23\notebooks\10.ipynb","D:\StudyBook\coding_challenges\leetcode\\active\Day-23\\notebooks\\10.ipynb","duplicate_existing",""
"B_leetcode_active","D:\Workspace\newStudy\Day-23\notebooks\5.ipynb","D:\StudyBook\coding_challenges\leetcode\\active\Day-23\\notebooks\\5.ipynb","duplicate_existing",""
"B_leetcode_active","D:\Workspace\newStudy\Day-23\notebooks\516.ipynb","D:\StudyBook\coding_challenges\leetcode\\active\Day-23\\notebooks\\516.ipynb","duplicate_existing",""
"B_leetcode_active","D:\Workspace\newStudy\Day-23\notebooks\647.ipynb","D:\StudyBook\coding_challenges\leetcode\\active\Day-23\\notebooks\\647.ipynb","duplicate_existing",""
"B_leetcode_active","D:\Workspace\newStudy\Day-23\notebooks\.ipynb_checkpoints\5-checkpoint.ipynb","D:\StudyBook\coding_challenges\leetcode\\active\Day-23\\notebooks\\.ipynb_checkpoints\\5-checkpoint.ipynb","duplicate_existing",""
"B_leetcode_active","D:\Workspace\newStudy\Day-24\notebooks\42.ipynb","D:\StudyBook\coding_challenges\leetcode\\active\Day-24\\notebooks\\42.ipynb","duplicate_existing",""
"B_leetcode_active","D:\Workspace\newStudy\Day-24\notebooks\739.ipynb","D:\StudyBook\coding_challenges\leetcode\\active\Day-24\\notebooks\\739.ipynb","duplicate_existing",""
"B_leetcode_active","D:\Workspace\newStudy\Day-24\notebooks\84.ipynb","D:\StudyBook\coding_challenges\leetcode\\active\Day-24\\notebooks\\84.ipynb","duplicate_existing",""
"B_leetcode_active","D:\Workspace\newStudy\Day-24\notebooks\901.ipynb","D:\StudyBook\coding_challenges\leetcode\\active\Day-24\\notebooks\\901.ipynb","duplicate_existing",""
"B_leetcode_active","D:\Workspace\newStudy\Day-24\notebooks\.ipynb_checkpoints\42-checkpoint.ipynb","D:\StudyBook\coding_challenges\leetcode\\active\Day-24\\notebooks\\.ipynb_checkpoints\\42-checkpoint.ipynb","duplicate_existing",""
"B_leetcode_active","D:\Workspace\newStudy\Day-24\notebooks\.ipynb_checkpoints\739-checkpoint.ipynb","D:\StudyBook\coding_challenges\leetcode\\active\Day-24\\notebooks\\.ipynb_checkpoints\\739-checkpoint.ipynb","duplicate_existing",""
"B_leetcode_active","D:\Workspace\newStudy\Day-24\notebooks\.ipynb_checkpoints\84-checkpoint.ipynb","D:\StudyBook\coding_challenges\leetcode\\active\Day-24\\notebooks\\.ipynb_checkpoints\\84-checkpoint.ipynb","duplicate_existing",""
"B_leetcode_active","D:\Workspace\newStudy\Day-24\notebooks\.ipynb_checkpoints\901-checkpoint.ipynb","D:\StudyBook\coding_challenges\leetcode\\active\Day-24\\notebooks\\.ipynb_checkpoints\\901-checkpoint.ipynb","duplicate_existing",""
"B_leetcode_active","D:\Workspace\newStudy\Day-29\notebooks\1.ipynb","D:\StudyBook\coding_challenges\leetcode\\active\Day-29\\notebooks\\1.ipynb","duplicate_existing",""
"B_leetcode_active","D:\Workspace\newStudy\Day-29\notebooks\49.ipynb","D:\StudyBook\coding_challenges\leetcode\\active\Day-29\\notebooks\\49.ipynb","duplicate_existing",""
"B_leetcode_active","D:\Workspace\newStudy\Day-29\notebooks\560.ipynb","D:\StudyBook\coding_challenges\leetcode\\active\Day-29\\notebooks\\560.ipynb","duplicate_existing",""
"B_leetcode_active","D:\Workspace\newStudy\Day-30\notebooks\3.ipynb","D:\StudyBook\coding_challenges\leetcode\\active\Day-30\\notebooks\\3.ipynb","duplicate_existing",""
"B_leetcode_active","D:\Workspace\newStudy\Day-30\notebooks\424.ipynb","D:\StudyBook\coding_challenges\leetcode\\active\Day-30\\notebooks\\424.ipynb","duplicate_existing",""
"B_leetcode_active","D:\Workspace\newStudy\Day-30\notebooks\76.ipynb","D:\StudyBook\coding_challenges\leetcode\\active\Day-30\\notebooks\\76.ipynb","duplicate_existing",""
"B_leetcode_active","D:\Workspace\newStudy\Day-31\notebooks\153.ipynb","D:\StudyBook\coding_challenges\leetcode\\active\Day-31\\notebooks\\153.ipynb","duplicate_existing",""
"B_leetcode_active","D:\Workspace\newStudy\Day-31\notebooks\33.ipynb","D:\StudyBook\coding_challenges\leetcode\\active\Day-31\\notebooks\\33.ipynb","duplicate_existing",""
"B_leetcode_active","D:\Workspace\newStudy\Day-31\notebooks\704.ipynb","D:\StudyBook\coding_challenges\leetcode\\active\Day-31\\notebooks\\704.ipynb","duplicate_existing",""
"B_leetcode_active","D:\Workspace\newStudy\Day-31\notebooks\.ipynb_checkpoints\33-checkpoint.ipynb","D:\StudyBook\coding_challenges\leetcode\\active\Day-31\\notebooks\\.ipynb_checkpoints\\33-checkpoint.ipynb","duplicate_existing",""
"B_leetcode_active","D:\Workspace\newStudy\Day-31\notebooks\.ipynb_checkpoints\704-checkpoint.ipynb","D:\StudyBook\coding_challenges\leetcode\\active\Day-31\\notebooks\\.ipynb_checkpoints\\704-checkpoint.ipynb","duplicate_existing",""
"B_leetcode_active","D:\Workspace\newStudy\Day-32\notebooks\150.ipynb","D:\StudyBook\coding_challenges\leetcode\\active\Day-32\\notebooks\\150.ipynb","duplicate_existing",""
"B_leetcode_active","D:\Workspace\newStudy\Day-32\notebooks\20.ipynb","D:\StudyBook\coding_challenges\leetcode\\active\Day-32\\notebooks\\20.ipynb","duplicate_existing",""
"B_leetcode_active","D:\Workspace\newStudy\Day-32\notebooks\739.ipynb","D:\StudyBook\coding_challenges\leetcode\\active\Day-32\\notebooks\\739.ipynb","duplicate_existing",""
"B_leetcode_active","D:\Workspace\newStudy\Day-32\notebooks\.ipynb_checkpoints\150-checkpoint.ipynb","D:\StudyBook\coding_challenges\leetcode\\active\Day-32\\notebooks\\.ipynb_checkpoints\\150-checkpoint.ipynb","duplicate_existing",""
"B_leetcode_active","D:\Workspace\newStudy\Day-32\notebooks\.ipynb_checkpoints\20-checkpoint.ipynb","D:\StudyBook\coding_challenges\leetcode\\active\Day-32\\notebooks\\.ipynb_checkpoints\\20-checkpoint.ipynb","duplicate_existing",""
"B_leetcode_active","D:\Workspace\newStudy\Day-32\notebooks\.ipynb_checkpoints\739-checkpoint.ipynb","D:\StudyBook\coding_challenges\leetcode\\active\Day-32\\notebooks\\.ipynb_checkpoints\\739-checkpoint.ipynb","duplicate_existing",""
"B_leetcode_active","D:\Workspace\newStudy\Day-33\notebooks\215.ipynb","D:\StudyBook\coding_challenges\leetcode\\active\Day-33\\notebooks\\215.ipynb","duplicate_existing",""
"B_leetcode_active","D:\Workspace\newStudy\Day-33\notebooks\295.ipynb","D:\StudyBook\coding_challenges\leetcode\\active\Day-33\\notebooks\\295.ipynb","duplicate_existing",""
"B_leetcode_active","D:\Workspace\newStudy\Day-33\notebooks\347.ipynb","D:\StudyBook\coding_challenges\leetcode\\active\Day-33\\notebooks\\347.ipynb","duplicate_existing",""
"B_leetcode_active","D:\Workspace\newStudy\Day-34\notebooks\435.ipynb","D:\StudyBook\coding_challenges\leetcode\\active\Day-34\\notebooks\\435.ipynb","duplicate_existing",""
"B_leetcode_active","D:\Workspace\newStudy\Day-34\notebooks\55.ipynb","D:\StudyBook\coding_challenges\leetcode\\active\Day-34\\notebooks\\55.ipynb","duplicate_existing",""
"B_leetcode_active","D:\Workspace\newStudy\Day-34\notebooks\56.ipynb","D:\StudyBook\coding_challenges\leetcode\\active\Day-34\\notebooks\\56.ipynb","duplicate_existing",""
"B_leetcode_active","D:\Workspace\newStudy\Day-35\notebooks\102.ipynb","D:\StudyBook\coding_challenges\leetcode\\active\Day-35\\notebooks\\102.ipynb","duplicate_existing",""
"B_leetcode_active","D:\Workspace\newStudy\Day-35\notebooks\199.ipynb","D:\StudyBook\coding_challenges\leetcode\\active\Day-35\\notebooks\\199.ipynb","duplicate_existing",""
"B_leetcode_active","D:\Workspace\newStudy\Day-35\notebooks\513.ipynb","D:\StudyBook\coding_challenges\leetcode\\active\Day-35\\notebooks\\513.ipynb","duplicate_existing",""
"B_leetcode_active","D:\Workspace\newStudy\Day-36\notebooks\104.ipynb","D:\StudyBook\coding_challenges\leetcode\\active\Day-36\\notebooks\\104.ipynb","duplicate_existing",""
"B_leetcode_active","D:\Workspace\newStudy\Day-36\notebooks\112.ipynb","D:\StudyBook\coding_challenges\leetcode\\active\Day-36\\notebooks\\112.ipynb","duplicate_existing",""
"B_leetcode_active","D:\Workspace\newStudy\Day-36\notebooks\236.ipynb","D:\StudyBook\coding_challenges\leetcode\\active\Day-36\\notebooks\\236.ipynb","duplicate_existing",""
"B_leetcode_active","D:\Workspace\newStudy\Day-37\notebooks\1.ipynb","D:\StudyBook\coding_challenges\leetcode\\active\Day-37\\notebooks\\1.ipynb","duplicate_existing",""
"B_leetcode_active","D:\Workspace\newStudy\Day-37\notebooks\11.ipynb","D:\StudyBook\coding_challenges\leetcode\\active\Day-37\\notebooks\\11.ipynb","duplicate_existing",""
"B_leetcode_active","D:\Workspace\newStudy\Day-37\notebooks\15.ipynb","D:\StudyBook\coding_challenges\leetcode\\active\Day-37\\notebooks\\15.ipynb","duplicate_existing",""
"B_leetcode_active","D:\Workspace\newStudy\Day-37\notebooks\167.ipynb","D:\StudyBook\coding_challenges\leetcode\\active\Day-37\\notebooks\\167.ipynb","duplicate_existing",""
"B_leetcode_active","D:\Workspace\newStudy\Day-37\notebooks\322.ipynb","D:\StudyBook\coding_challenges\leetcode\\active\Day-37\\notebooks\\322.ipynb","duplicate_existing",""
"B_leetcode_active","D:\Workspace\newStudy\Day-37\notebooks\.ipynb_checkpoints\11-checkpoint.ipynb","D:\StudyBook\coding_challenges\leetcode\\active\Day-37\\notebooks\\.ipynb_checkpoints\\11-checkpoint.ipynb","duplicate_existing",""
"B_leetcode_active","D:\Workspace\newStudy\Day-37\notebooks\.ipynb_checkpoints\167-checkpoint.ipynb","D:\StudyBook\coding_challenges\leetcode\\active\Day-37\\notebooks\\.ipynb_checkpoints\\167-checkpoint.ipynb","duplicate_existing",""
"B_leetcode_active","D:\Workspace\newStudy\Day-38\notebooks\300.ipynb","D:\StudyBook\coding_challenges\leetcode\\active\Day-38\\notebooks\\300.ipynb","duplicate_existing",""
"B_leetcode_active","D:\Workspace\newStudy\Day-38\notebooks\322.ipynb","D:\StudyBook\coding_challenges\leetcode\\active\Day-38\\notebooks\\322.ipynb","duplicate_existing",""
"B_leetcode_active","D:\Workspace\newStudy\Day-38\notebooks\70.ipynb","D:\StudyBook\coding_challenges\leetcode\\active\Day-38\\notebooks\\70.ipynb","duplicate_existing",""
"B_leetcode_active","D:\Workspace\newStudy\Day-38\notebooks\.ipynb_checkpoints\70-checkpoint.ipynb","D:\StudyBook\coding_challenges\leetcode\\active\Day-38\\notebooks\\.ipynb_checkpoints\\70-checkpoint.ipynb","duplicate_existing",""
"B_leetcode_active","D:\Workspace\newStudy\Day-39\notebooks\39.ipynb","D:\StudyBook\coding_challenges\leetcode\\active\Day-39\\notebooks\\39.ipynb","duplicate_existing",""
"B_leetcode_active","D:\Workspace\newStudy\Day-39\notebooks\78.ipynb","D:\StudyBook\coding_challenges\leetcode\\active\Day-39\\notebooks\\78.ipynb","duplicate_existing",""
"B_leetcode_active","D:\Workspace\newStudy\Day-39\notebooks\.ipynb_checkpoints\39-checkpoint.ipynb","D:\StudyBook\coding_challenges\leetcode\\active\Day-39\\notebooks\\.ipynb_checkpoints\\39-checkpoint.ipynb","duplicate_existing",""
"B_leetcode_active","D:\Workspace\newStudy\Day-40\notebooks\1143.ipynb","D:\StudyBook\coding_challenges\leetcode\\active\Day-40\\notebooks\\1143.ipynb","duplicate_existing",""
"B_leetcode_active","D:\Workspace\newStudy\Day-40\notebooks\62.ipynb","D:\StudyBook\coding_challenges\leetcode\\active\Day-40\\notebooks\\62.ipynb","duplicate_existing",""
"B_leetcode_active","D:\Workspace\newStudy\Day-41\notebooks\208.ipynb","D:\StudyBook\coding_challenges\leetcode\\active\Day-41\\notebooks\\208.ipynb","duplicate_existing",""
"B_leetcode_active","D:\Workspace\newStudy\Day-41\notebooks\211.ipynb","D:\StudyBook\coding_challenges\leetcode\\active\Day-41\\notebooks\\211.ipynb","duplicate_existing",""
"B_leetcode_active","D:\Workspace\newStudy\Day-42\notebooks\207.ipynb","D:\StudyBook\coding_challenges\leetcode\\active\Day-42\\notebooks\\207.ipynb","duplicate_existing",""
"B_leetcode_active","D:\Workspace\newStudy\Day-42\notebooks\210.ipynb","D:\StudyBook\coding_challenges\leetcode\\active\Day-42\\notebooks\\210.ipynb","duplicate_existing",""
"B_leetcode_active","D:\Workspace\newStudy\Day-43\notebooks\141.ipynb","D:\StudyBook\coding_challenges\leetcode\\active\Day-43\\notebooks\\141.ipynb","duplicate_existing",""
"B_leetcode_active","D:\Workspace\newStudy\Day-43\notebooks\206.ipynb","D:\StudyBook\coding_challenges\leetcode\\active\Day-43\\notebooks\\206.ipynb","duplicate_existing",""
"B_leetcode_active","D:\Workspace\newStudy\Day-43\notebooks\21.ipynb","D:\StudyBook\coding_challenges\leetcode\\active\Day-43\\notebooks\\21.ipynb","duplicate_existing",""
"B_leetcode_active","D:\Workspace\newStudy\Day-44\notebooks\136.ipynb","D:\StudyBook\coding_challenges\leetcode\\active\Day-44\\notebooks\\136.ipynb","duplicate_existing",""
"B_leetcode_active","D:\Workspace\newStudy\Day-44\notebooks\338.ipynb","D:\StudyBook\coding_challenges\leetcode\\active\Day-44\\notebooks\\338.ipynb","duplicate_existing",""
"B_leetcode_active","D:\Workspace\newStudy\Day-44\notebooks\.ipynb_checkpoints\136-checkpoint.ipynb","D:\StudyBook\coding_challenges\leetcode\\active\Day-44\\notebooks\\.ipynb_checkpoints\\136-checkpoint.ipynb","duplicate_existing",""
"B_leetcode_active","D:\Workspace\newStudy\Day-44\notebooks\.ipynb_checkpoints\338-checkpoint.ipynb","D:\StudyBook\coding_challenges\leetcode\\active\Day-44\\notebooks\\.ipynb_checkpoints\\338-checkpoint.ipynb","duplicate_existing",""
"B_leetcode_active","D:\Workspace\newStudy\Day-45\notebooks\739.ipynb","D:\StudyBook\coding_challenges\leetcode\\active\Day-45\\notebooks\\739.ipynb","duplicate_existing",""
"B_leetcode_active","D:\Workspace\newStudy\Day-45\notebooks\84.ipynb","D:\StudyBook\coding_challenges\leetcode\\active\Day-45\\notebooks\\84.ipynb","duplicate_existing",""
"B_leetcode_active","D:\Workspace\newStudy\Day-45\notebooks\.ipynb_checkpoints\739-checkpoint.ipynb","D:\StudyBook\coding_challenges\leetcode\\active\Day-45\\notebooks\\.ipynb_checkpoints\\739-checkpoint.ipynb","duplicate_existing",""
"B_leetcode_active","D:\Workspace\newStudy\Day-45\notebooks\.ipynb_checkpoints\84-checkpoint.ipynb","D:\StudyBook\coding_challenges\leetcode\\active\Day-45\\notebooks\\.ipynb_checkpoints\\84-checkpoint.ipynb","duplicate_existing",""
"B_leetcode_active","D:\Workspace\newStudy\Day-46\notebooks\1091.ipynb","D:\StudyBook\coding_challenges\leetcode\\active\Day-46\\notebooks\\1091.ipynb","duplicate_existing",""
"B_leetcode_active","D:\Workspace\newStudy\Day-46\notebooks\130.ipynb","D:\StudyBook\coding_challenges\leetcode\\active\Day-46\\notebooks\\130.ipynb","duplicate_existing",""
"B_leetcode_active","D:\Workspace\newStudy\Day-46\notebooks\198.ipynb","D:\StudyBook\coding_challenges\leetcode\\active\Day-46\\notebooks\\198.ipynb","duplicate_existing",""
"B_leetcode_active","D:\Workspace\newStudy\Day-46\notebooks\213.ipynb","D:\StudyBook\coding_challenges\leetcode\\active\Day-46\\notebooks\\213.ipynb","duplicate_existing",""
"B_leetcode_active","D:\Workspace\newStudy\Day-46\notebooks\746.ipynb","D:\StudyBook\coding_challenges\leetcode\\active\Day-46\\notebooks\\746.ipynb","duplicate_existing",""
"B_leetcode_active","D:\Workspace\newStudy\Day-46\notebooks\994.ipynb","D:\StudyBook\coding_challenges\leetcode\\active\Day-46\\notebooks\\994.ipynb","duplicate_existing",""
"B_leetcode_active","D:\Workspace\newStudy\Day-46\notebooks\.ipynb_checkpoints\198-checkpoint.ipynb","D:\StudyBook\coding_challenges\leetcode\\active\Day-46\\notebooks\\.ipynb_checkpoints\\198-checkpoint.ipynb","duplicate_existing",""
"B_leetcode_active","D:\Workspace\newStudy\Day-46\notebooks\.ipynb_checkpoints\213-checkpoint.ipynb","D:\StudyBook\coding_challenges\leetcode\\active\Day-46\\notebooks\\.ipynb_checkpoints\\213-checkpoint.ipynb","duplicate_existing",""
"B_leetcode_active","D:\Workspace\newStudy\Day-46\notebooks\.ipynb_checkpoints\746-checkpoint.ipynb","D:\StudyBook\coding_challenges\leetcode\\active\Day-46\\notebooks\\.ipynb_checkpoints\\746-checkpoint.ipynb","duplicate_existing",""
"B_leetcode_active","D:\Workspace\newStudy\Day-47\notebooks\102.ipynb","D:\StudyBook\coding_challenges\leetcode\\active\Day-47\\notebooks\\102.ipynb","duplicate_existing",""
"B_leetcode_active","D:\Workspace\newStudy\Day-47\notebooks\134.ipynb","D:\StudyBook\coding_challenges\leetcode\\active\Day-47\\notebooks\\134.ipynb","duplicate_existing",""
"B_leetcode_active","D:\Workspace\newStudy\Day-47\notebooks\200.ipynb","D:\StudyBook\coding_challenges\leetcode\\active\Day-47\\notebooks\\200.ipynb","duplicate_existing",""
"B_leetcode_active","D:\Workspace\newStudy\Day-47\notebooks\435.ipynb","D:\StudyBook\coding_challenges\leetcode\\active\Day-47\\notebooks\\435.ipynb","duplicate_existing",""
"B_leetcode_active","D:\Workspace\newStudy\Day-47\notebooks\452.ipynb","D:\StudyBook\coding_challenges\leetcode\\active\Day-47\\notebooks\\452.ipynb","duplicate_existing",""
"B_leetcode_active","D:\Workspace\newStudy\Day-47\notebooks\543.ipynb","D:\StudyBook\coding_challenges\leetcode\\active\Day-47\\notebooks\\543.ipynb","duplicate_existing",""
"B_leetcode_active","D:\Workspace\newStudy\Day-47\notebooks\547.ipynb","D:\StudyBook\coding_challenges\leetcode\\active\Day-47\\notebooks\\547.ipynb","duplicate_existing",""
"B_leetcode_active","D:\Workspace\newStudy\Day-47\notebooks\572.ipynb","D:\StudyBook\coding_challenges\leetcode\\active\Day-47\\notebooks\\572.ipynb","duplicate_existing",""
"B_leetcode_active","D:\Workspace\newStudy\Day-48\notebooks\743.ipynb","D:\StudyBook\coding_challenges\leetcode\\active\Day-48\\notebooks\\743.ipynb","duplicate_existing",""
"B_leetcode_active","D:\Workspace\newStudy\Day-49\notebooks\134.ipynb","D:\StudyBook\coding_challenges\leetcode\\active\Day-49\\notebooks\\134.ipynb","duplicate_existing",""
"B_leetcode_active","D:\Workspace\newStudy\Day-49\notebooks\45.ipynb","D:\StudyBook\coding_challenges\leetcode\\active\Day-49\\notebooks\\45.ipynb","duplicate_existing",""
"B_leetcode_active","D:\Workspace\newStudy\Day-49\notebooks\55.ipynb","D:\StudyBook\coding_challenges\leetcode\\active\Day-49\\notebooks\\55.ipynb","duplicate_existing",""
"B_leetcode_active","D:\Workspace\newStudy\Day-50\notebooks\23.ipynb","D:\StudyBook\coding_challenges\leetcode\\active\Day-50\\notebooks\\23.ipynb","duplicate_existing",""
"B_leetcode_active","D:\Workspace\newStudy\Day-50\notebooks\297.ipynb","D:\StudyBook\coding_challenges\leetcode\\active\Day-50\\notebooks\\297.ipynb","duplicate_existing",""
"B_leetcode_active","D:\Workspace\newStudy\Day-50\notebooks\76.ipynb","D:\StudyBook\coding_challenges\leetcode\\active\Day-50\\notebooks\\76.ipynb","duplicate_existing",""
"B_leetcode_active","D:\Workspace\newStudy\Day-50\notebooks\987.ipynb","D:\StudyBook\coding_challenges\leetcode\\active\Day-50\\notebooks\\987.ipynb","duplicate_existing",""
"B_leetcode_active","D:\Workspace\newStudy\Day-51\notebooks\56.ipynb","D:\StudyBook\coding_challenges\leetcode\\active\Day-51\\notebooks\\56.ipynb","duplicate_existing",""
"B_leetcode_active","D:\Workspace\newStudy\Day-51\notebooks\57.ipynb","D:\StudyBook\coding_challenges\leetcode\\active\Day-51\\notebooks\\57.ipynb","duplicate_existing",""
"B_leetcode_active","D:\Workspace\newStudy\Day-52\notebooks\11.ipynb","D:\StudyBook\coding_challenges\leetcode\\active\Day-52\\notebooks\\11.ipynb","duplicate_existing",""
"B_leetcode_active","D:\Workspace\newStudy\Day-52\notebooks\167.ipynb","D:\StudyBook\coding_challenges\leetcode\\active\Day-52\\notebooks\\167.ipynb","duplicate_existing",""
"B_leetcode_active","D:\Workspace\newStudy\Day-52\notebooks\215.ipynb","D:\StudyBook\coding_challenges\leetcode\\active\Day-52\\notebooks\\215.ipynb","duplicate_existing",""
"B_leetcode_active","D:\Workspace\newStudy\Day-52\notebooks\295.ipynb","D:\StudyBook\coding_challenges\leetcode\\active\Day-52\\notebooks\\295.ipynb","duplicate_existing",""
"B_leetcode_active","D:\Workspace\newStudy\Day-52\notebooks\.ipynb_checkpoints\11-checkpoint.ipynb","D:\StudyBook\coding_challenges\leetcode\\active\Day-52\\notebooks\\.ipynb_checkpoints\\11-checkpoint.ipynb","duplicate_existing",""
"B_leetcode_active","D:\Workspace\newStudy\Day-52\notebooks\.ipynb_checkpoints\167-checkpoint.ipynb","D:\StudyBook\coding_challenges\leetcode\\active\Day-52\\notebooks\\.ipynb_checkpoints\\167-checkpoint.ipynb","duplicate_existing",""
"B_leetcode_active","D:\Workspace\newStudy\Day-53\notebooks\208.ipynb","D:\StudyBook\coding_challenges\leetcode\\active\Day-53\\notebooks\\208.ipynb","duplicate_existing",""
"B_leetcode_active","D:\Workspace\newStudy\Day-53\notebooks\39.ipynb","D:\StudyBook\coding_challenges\leetcode\\active\Day-53\\notebooks\\39.ipynb","duplicate_existing",""
"B_leetcode_active","D:\Workspace\newStudy\Day-53\notebooks\.ipynb_checkpoints\39-checkpoint.ipynb","D:\StudyBook\coding_challenges\leetcode\\active\Day-53\\notebooks\\.ipynb_checkpoints\\39-checkpoint.ipynb","duplicate_existing",""
"B_leetcode_active","D:\Workspace\newStudy\Day-54\notebooks\1.ipynb","D:\StudyBook\coding_challenges\leetcode\\active\Day-54\\notebooks\\1.ipynb","duplicate_existing",""
"B_leetcode_active","D:\Workspace\newStudy\Day-54\notebooks\207.ipynb","D:\StudyBook\coding_challenges\leetcode\\active\Day-54\\notebooks\\207.ipynb","duplicate_existing",""
"B_leetcode_active","D:\Workspace\newStudy\Day-54\notebooks\300.ipynb","D:\StudyBook\coding_challenges\leetcode\\active\Day-54\\notebooks\\300.ipynb","duplicate_existing",""
"B_leetcode_active","D:\Workspace\newStudy\Day-54\notebooks\322.ipynb","D:\StudyBook\coding_challenges\leetcode\\active\Day-54\\notebooks\\322.ipynb","duplicate_existing",""
"B_leetcode_active","D:\Workspace\newStudy\Day-54\notebooks\84.ipynb","D:\StudyBook\coding_challenges\leetcode\\active\Day-54\\notebooks\\84.ipynb","duplicate_existing",""
"B_leetcode_active","D:\Workspace\newStudy\Day-54\notebooks\.ipynb_checkpoints\84-checkpoint.ipynb","D:\StudyBook\coding_challenges\leetcode\\active\Day-54\\notebooks\\.ipynb_checkpoints\\84-checkpoint.ipynb","duplicate_existing",""
"B_leetcode_active","D:\Workspace\newStudy\Day-55\notebooks\5.ipynb","D:\StudyBook\coding_challenges\leetcode\\active\Day-55\\notebooks\\5.ipynb","duplicate_existing",""
"B_leetcode_active","D:\Workspace\newStudy\Day-55\notebooks\647.ipynb","D:\StudyBook\coding_challenges\leetcode\\active\Day-55\\notebooks\\647.ipynb","duplicate_existing",""
"B_leetcode_active","D:\Workspace\newStudy\Day-55\notebooks\.ipynb_checkpoints\5-checkpoint.ipynb","D:\StudyBook\coding_challenges\leetcode\\active\Day-55\\notebooks\\.ipynb_checkpoints\\5-checkpoint.ipynb","duplicate_existing",""
"B_leetcode_active","D:\Workspace\newStudy\Day-56\notebooks\191.ipynb","D:\StudyBook\coding_challenges\leetcode\\active\Day-56\\notebooks\\191.ipynb","duplicate_existing",""
"B_leetcode_active","D:\Workspace\newStudy\Day-56\notebooks\268.ipynb","D:\StudyBook\coding_challenges\leetcode\\active\Day-56\\notebooks\\268.ipynb","duplicate_existing",""
"B_leetcode_active","D:\Workspace\newStudy\Day-56\notebooks\901.ipynb","D:\StudyBook\coding_challenges\leetcode\\active\Day-56\\notebooks\\901.ipynb","duplicate_existing",""
"B_leetcode_active","D:\Workspace\newStudy\Day-56\notebooks\.ipynb_checkpoints\191-checkpoint.ipynb","D:\StudyBook\coding_challenges\leetcode\\active\Day-56\\notebooks\\.ipynb_checkpoints\\191-checkpoint.ipynb","duplicate_existing",""
"B_leetcode_active","D:\Workspace\newStudy\Day-56\notebooks\.ipynb_checkpoints\268-checkpoint.ipynb","D:\StudyBook\coding_challenges\leetcode\\active\Day-56\\notebooks\\.ipynb_checkpoints\\268-checkpoint.ipynb","duplicate_existing",""
"B_leetcode_active","D:\Workspace\newStudy\Day-56\notebooks\.ipynb_checkpoints\901-checkpoint.ipynb","D:\StudyBook\coding_challenges\leetcode\\active\Day-56\\notebooks\\.ipynb_checkpoints\\901-checkpoint.ipynb","duplicate_existing",""
"B_leetcode_active","D:\Workspace\newStudy\Day-57\notebooks\198.ipynb","D:\StudyBook\coding_challenges\leetcode\\active\Day-57\\notebooks\\198.ipynb","duplicate_existing",""
"B_leetcode_active","D:\Workspace\newStudy\Day-57\notebooks\200.ipynb","D:\StudyBook\coding_challenges\leetcode\\active\Day-57\\notebooks\\200.ipynb","duplicate_existing",""
"B_leetcode_active","D:\Workspace\newStudy\Day-57\notebooks\.ipynb_checkpoints\198-checkpoint.ipynb","D:\StudyBook\coding_challenges\leetcode\\active\Day-57\\notebooks\\.ipynb_checkpoints\\198-checkpoint.ipynb","duplicate_existing",""
"B_leetcode_active","D:\Workspace\newStudy\Day-61\notebooks\269.ipynb","D:\StudyBook\coding_challenges\leetcode\\active\Day-61\\notebooks\\269.ipynb","duplicate_existing",""
"B_leetcode_active","D:\Workspace\newStudy\Day-61\notebooks\297.ipynb","D:\StudyBook\coding_challenges\leetcode\\active\Day-61\\notebooks\\297.ipynb","duplicate_existing",""
"B_leetcode_active","D:\Workspace\newStudy\Day-63\notebooks\10.ipynb","D:\StudyBook\coding_challenges\leetcode\\active\Day-63\\notebooks\\10.ipynb","duplicate_existing",""
"B_leetcode_active","D:\Workspace\newStudy\Day-63\notebooks\23.ipynb","D:\StudyBook\coding_challenges\leetcode\\active\Day-63\\notebooks\\23.ipynb","duplicate_existing",""
"B_leetcode_active","D:\Workspace\newStudy\Day-63\notebooks\42.ipynb","D:\StudyBook\coding_challenges\leetcode\\active\Day-63\\notebooks\\42.ipynb","duplicate_existing",""
"B_leetcode_active","D:\Workspace\newStudy\Day-63\notebooks\.ipynb_checkpoints\42-checkpoint.ipynb","D:\StudyBook\coding_challenges\leetcode\\active\Day-63\\notebooks\\.ipynb_checkpoints\\42-checkpoint.ipynb","duplicate_existing",""
"B_leetcode_active","D:\Workspace\newStudy\Day-64\notebooks\208.ipynb","D:\StudyBook\coding_challenges\leetcode\\active\Day-64\\notebooks\\208.ipynb","duplicate_existing",""
"B_leetcode_active","D:\Workspace\newStudy\Day-64\notebooks\743.ipynb","D:\StudyBook\coding_challenges\leetcode\\active\Day-64\\notebooks\\743.ipynb","duplicate_existing",""
"B_leetcode_active","D:\Workspace\newStudy\Day-65\notebooks\62.ipynb","D:\StudyBook\coding_challenges\leetcode\\active\Day-65\\notebooks\\62.ipynb","duplicate_existing",""
"B_leetcode_active","D:\Workspace\newStudy\Day-65\notebooks\72.ipynb","D:\StudyBook\coding_challenges\leetcode\\active\Day-65\\notebooks\\72.ipynb","duplicate_existing",""
"B_leetcode_active","D:\Workspace\newStudy\Day-66\notebooks\152.ipynb","D:\StudyBook\coding_challenges\leetcode\\active\Day-66\\notebooks\\152.ipynb","duplicate_existing",""
"B_leetcode_active","D:\Workspace\newStudy\Day-66\notebooks\91.ipynb","D:\StudyBook\coding_challenges\leetcode\\active\Day-66\\notebooks\\91.ipynb","duplicate_existing",""
"B_leetcode_active","D:\Workspace\newStudy\Day-67\notebooks\1091.ipynb","D:\StudyBook\coding_challenges\leetcode\\active\Day-67\\notebooks\\1091.ipynb","duplicate_existing",""
"B_leetcode_active","D:\Workspace\newStudy\Day-67\notebooks\994.ipynb","D:\StudyBook\coding_challenges\leetcode\\active\Day-67\\notebooks\\994.ipynb","duplicate_existing",""
"B_leetcode_active","D:\Workspace\newStudy\Day-68\notebooks\127.ipynb","D:\StudyBook\coding_challenges\leetcode\\active\Day-68\\notebooks\\127.ipynb","duplicate_existing",""
"B_leetcode_active","D:\Workspace\newStudy\Day-68\notebooks\23.ipynb","D:\StudyBook\coding_challenges\leetcode\\active\Day-68\\notebooks\\23.ipynb","duplicate_existing",""
"B_leetcode_active","D:\Workspace\newStudy\Day-68\notebooks\239.ipynb","D:\StudyBook\coding_challenges\leetcode\\active\Day-68\\notebooks\\239.ipynb","duplicate_existing",""
"B_leetcode_active","D:\Workspace\newStudy\Day-68\notebooks\295.ipynb","D:\StudyBook\coding_challenges\leetcode\\active\Day-68\\notebooks\\295.ipynb","duplicate_existing",""
"B_leetcode_active","D:\Workspace\newStudy\Day-68\notebooks\297.ipynb","D:\StudyBook\coding_challenges\leetcode\\active\Day-68\\notebooks\\297.ipynb","duplicate_existing",""
"B_leetcode_active","D:\Workspace\newStudy\Day-68\notebooks\312.ipynb","D:\StudyBook\coding_challenges\leetcode\\active\Day-68\\notebooks\\312.ipynb","duplicate_existing",""
"B_leetcode_active","D:\Workspace\newStudy\Day-68\notebooks\42.ipynb","D:\StudyBook\coding_challenges\leetcode\\active\Day-68\\notebooks\\42.ipynb","duplicate_existing",""
"B_leetcode_active","D:\Workspace\newStudy\Day-68\notebooks\.ipynb_checkpoints\42-checkpoint.ipynb","D:\StudyBook\coding_challenges\leetcode\\active\Day-68\\notebooks\\.ipynb_checkpoints\\42-checkpoint.ipynb","duplicate_existing",""
"B_leetcode_active","D:\Workspace\newStudy\Day-69\notebooks\139.ipynb","D:\StudyBook\coding_challenges\leetcode\\active\Day-69\\notebooks\\139.ipynb","duplicate_existing",""
"B_leetcode_active","D:\Workspace\newStudy\Day-69\notebooks\647.ipynb","D:\StudyBook\coding_challenges\leetcode\\active\Day-69\\notebooks\\647.ipynb","duplicate_existing",""
"B_leetcode_active","D:\Workspace\newStudy\Day-71\notebooks\496.ipynb","D:\StudyBook\coding_challenges\leetcode\\active\Day-71\\notebooks\\496.ipynb","duplicate_existing",""
"B_leetcode_active","D:\Workspace\newStudy\Day-71\notebooks\503.ipynb","D:\StudyBook\coding_challenges\leetcode\\active\Day-71\\notebooks\\503.ipynb","duplicate_existing",""
"B_leetcode_active","D:\Workspace\newStudy\Day-71\notebooks\901.ipynb","D:\StudyBook\coding_challenges\leetcode\\active\Day-71\\notebooks\\901.ipynb","duplicate_existing",""
"B_leetcode_active","D:\Workspace\newStudy\Day-71\notebooks\.ipynb_checkpoints\496-checkpoint.ipynb","D:\StudyBook\coding_challenges\leetcode\\active\Day-71\\notebooks\\.ipynb_checkpoints\\496-checkpoint.ipynb","duplicate_existing",""
"B_leetcode_active","D:\Workspace\newStudy\Day-71\notebooks\.ipynb_checkpoints\503-checkpoint.ipynb","D:\StudyBook\coding_challenges\leetcode\\active\Day-71\\notebooks\\.ipynb_checkpoints\\503-checkpoint.ipynb","duplicate_existing",""
"B_leetcode_active","D:\Workspace\newStudy\Day-71\notebooks\.ipynb_checkpoints\901-checkpoint.ipynb","D:\StudyBook\coding_challenges\leetcode\\active\Day-71\\notebooks\\.ipynb_checkpoints\\901-checkpoint.ipynb","duplicate_existing",""
"B_leetcode_active","D:\Workspace\newStudy\Day-72\notebooks\215.ipynb","D:\StudyBook\coding_challenges\leetcode\\active\Day-72\\notebooks\\215.ipynb","duplicate_existing",""
"B_leetcode_active","D:\Workspace\newStudy\Day-72\notebooks\373.ipynb","D:\StudyBook\coding_challenges\leetcode\\active\Day-72\\notebooks\\373.ipynb","duplicate_existing",""
"B_leetcode_active","D:\Workspace\newStudy\Day-73\notebooks\547.ipynb","D:\StudyBook\coding_challenges\leetcode\\active\Day-73\\notebooks\\547.ipynb","duplicate_existing",""
"B_leetcode_active","D:\Workspace\newStudy\Day-73\notebooks\684.ipynb","D:\StudyBook\coding_challenges\leetcode\\active\Day-73\\notebooks\\684.ipynb","duplicate_existing",""
"B_leetcode_active","D:\Workspace\newStudy\Day-74\notebooks\131.ipynb","D:\StudyBook\coding_challenges\leetcode\\active\Day-74\\notebooks\\131.ipynb","duplicate_existing",""
"B_leetcode_active","D:\Workspace\newStudy\Day-74\notebooks\39.ipynb","D:\StudyBook\coding_challenges\leetcode\\active\Day-74\\notebooks\\39.ipynb","duplicate_existing",""
"B_leetcode_active","D:\Workspace\newStudy\Day-74\notebooks\.ipynb_checkpoints\39-checkpoint.ipynb","D:\StudyBook\coding_challenges\leetcode\\active\Day-74\\notebooks\\.ipynb_checkpoints\\39-checkpoint.ipynb","duplicate_existing",""
"B_leetcode_active","D:\Workspace\newStudy\Day-75\notebooks\1143.ipynb","D:\StudyBook\coding_challenges\leetcode\\active\Day-75\\notebooks\\1143.ipynb","duplicate_existing",""
"B_leetcode_active","D:\Workspace\newStudy\Day-75\notebooks\583.ipynb","D:\StudyBook\coding_challenges\leetcode\\active\Day-75\\notebooks\\583.ipynb","duplicate_existing",""
"B_leetcode_active","D:\Workspace\newStudy\Day-76\notebooks\143.ipynb","D:\StudyBook\coding_challenges\leetcode\\active\Day-76\\notebooks\\143.ipynb","duplicate_existing",""
"B_leetcode_active","D:\Workspace\newStudy\Day-76\notebooks\206.ipynb","D:\StudyBook\coding_challenges\leetcode\\active\Day-76\\notebooks\\206.ipynb","duplicate_existing",""
"B_leetcode_active","D:\Workspace\newStudy\Day-77\notebooks\435.ipynb","D:\StudyBook\coding_challenges\leetcode\\active\Day-77\\notebooks\\435.ipynb","duplicate_existing",""
"B_leetcode_active","D:\Workspace\newStudy\Day-77\notebooks\452.ipynb","D:\StudyBook\coding_challenges\leetcode\\active\Day-77\\notebooks\\452.ipynb","duplicate_existing",""
"B_leetcode_active","D:\Workspace\newStudy\Day-78\notebooks\33.ipynb","D:\StudyBook\coding_challenges\leetcode\\active\Day-78\\notebooks\\33.ipynb","duplicate_existing",""
"B_leetcode_active","D:\Workspace\newStudy\Day-78\notebooks\81.ipynb","D:\StudyBook\coding_challenges\leetcode\\active\Day-78\\notebooks\\81.ipynb","duplicate_existing",""
"B_leetcode_active","D:\Workspace\newStudy\Day-78\notebooks\.ipynb_checkpoints\33-checkpoint.ipynb","D:\StudyBook\coding_challenges\leetcode\\active\Day-78\\notebooks\\.ipynb_checkpoints\\33-checkpoint.ipynb","duplicate_existing",""
"B_leetcode_active","D:\Workspace\newStudy\Day-79\notebooks\261.ipynb","D:\StudyBook\coding_challenges\leetcode\\active\Day-79\\notebooks\\261.ipynb","duplicate_existing",""
"B_leetcode_active","D:\Workspace\newStudy\Day-79\notebooks\323.ipynb","D:\StudyBook\coding_challenges\leetcode\\active\Day-79\\notebooks\\323.ipynb","duplicate_existing",""
"B_leetcode_active","D:\Workspace\newStudy\Day-80\notebooks\15.ipynb","D:\StudyBook\coding_challenges\leetcode\\active\Day-80\\notebooks\\15.ipynb","duplicate_existing",""
"B_leetcode_active","D:\Workspace\newStudy\Day-80\notebooks\16.ipynb","D:\StudyBook\coding_challenges\leetcode\\active\Day-80\\notebooks\\16.ipynb","duplicate_existing",""
"B_leetcode_active","D:\Workspace\newStudy\Day-81\notebooks\3.ipynb","D:\StudyBook\coding_challenges\leetcode\\active\Day-81\\notebooks\\3.ipynb","duplicate_existing",""
"B_leetcode_active","D:\Workspace\newStudy\Day-81\notebooks\424.ipynb","D:\StudyBook\coding_challenges\leetcode\\active\Day-81\\notebooks\\424.ipynb","duplicate_existing",""
"B_leetcode_active","D:\Workspace\newStudy\Day-82\notebooks\49.ipynb","D:\StudyBook\coding_challenges\leetcode\\active\Day-82\\notebooks\\49.ipynb","duplicate_existing",""
"B_leetcode_active","D:\Workspace\newStudy\Day-82\notebooks\560.ipynb","D:\StudyBook\coding_challenges\leetcode\\active\Day-82\\notebooks\\560.ipynb","duplicate_existing",""
"B_leetcode_active","D:\Workspace\newStudy\Day-83\notebooks\300.ipynb","D:\StudyBook\coding_challenges\leetcode\\active\Day-83\\notebooks\\300.ipynb","duplicate_existing",""
"B_leetcode_active","D:\Workspace\newStudy\Day-83\notebooks\416.ipynb","D:\StudyBook\coding_challenges\leetcode\\active\Day-83\\notebooks\\416.ipynb","duplicate_existing",""
"B_leetcode_active","D:\Workspace\newStudy\Day-86\notebooks\200.ipynb","D:\StudyBook\coding_challenges\leetcode\\active\Day-86\\notebooks\\200.ipynb","duplicate_existing",""
"B_leetcode_active","D:\Workspace\newStudy\Day-87\notebooks\42.ipynb","D:\StudyBook\coding_challenges\leetcode\\active\Day-87\\notebooks\\42.ipynb","duplicate_existing",""
"B_leetcode_active","D:\Workspace\newStudy\Day-87\notebooks\76.ipynb","D:\StudyBook\coding_challenges\leetcode\\active\Day-87\\notebooks\\76.ipynb","duplicate_existing",""
"B_leetcode_active","D:\Workspace\newStudy\Day-87\notebooks\.ipynb_checkpoints\42-checkpoint.ipynb","D:\StudyBook\coding_challenges\leetcode\\active\Day-87\\notebooks\\.ipynb_checkpoints\\42-checkpoint.ipynb","duplicate_existing",""
"B_leetcode_active","D:\Workspace\newStudy\Day-88\notebooks\121.ipynb","D:\StudyBook\coding_challenges\leetcode\\active\Day-88\\notebooks\\121.ipynb","duplicate_existing",""
"B_leetcode_active","D:\Workspace\newStudy\Day-88\notebooks\.ipynb_checkpoints\121-checkpoint.ipynb","D:\StudyBook\coding_challenges\leetcode\\active\Day-88\\notebooks\\.ipynb_checkpoints\\121-checkpoint.ipynb","duplicate_existing",""
"C_leetcode_reviews","D:\Workspace\Basics\DSA\LC001_two_sum_review.md","D:\StudyBook\coding_challenges\leetcode\\reviews\\LC001_two_sum_review.md","duplicate_existing",""
"C_leetcode_reviews","D:\Workspace\Basics\DSA\LC003_longest_substring_without_repeating_characters_review.md","D:\StudyBook\coding_challenges\leetcode\\reviews\\LC003_longest_substring_without_repeating_characters_review.md","duplicate_existing",""
"C_leetcode_reviews","D:\Workspace\Basics\DSA\LC005_longest_palindromic_substring_review.md","D:\StudyBook\coding_challenges\leetcode\\reviews\\LC005_longest_palindromic_substring_review.md","duplicate_existing",""
"C_leetcode_reviews","D:\Workspace\Basics\DSA\LC010_regular_expression_matching_review.md","D:\StudyBook\coding_challenges\leetcode\\reviews\\LC010_regular_expression_matching_review.md","duplicate_existing",""
"C_leetcode_reviews","D:\Workspace\Basics\DSA\LC011_container_with_most_water_review.md","D:\StudyBook\coding_challenges\leetcode\\reviews\\LC011_container_with_most_water_review.md","duplicate_existing",""
"C_leetcode_reviews","D:\Workspace\Basics\DSA\LC015_3sum_review.md","D:\StudyBook\coding_challenges\leetcode\\reviews\\LC015_3sum_review.md","duplicate_existing",""
"C_leetcode_reviews","D:\Workspace\Basics\DSA\LC016_3sum_closest_review.md","D:\StudyBook\coding_challenges\leetcode\\reviews\\LC016_3sum_closest_review.md","duplicate_existing",""
"C_leetcode_reviews","D:\Workspace\Basics\DSA\LC019_remove_nth_node_from_end_of_list_review.md","D:\StudyBook\coding_challenges\leetcode\\reviews\\LC019_remove_nth_node_from_end_of_list_review.md","duplicate_existing",""
"C_leetcode_reviews","D:\Workspace\Basics\DSA\LC020_valid_parentheses_review.md","D:\StudyBook\coding_challenges\leetcode\\reviews\\LC020_valid_parentheses_review.md","duplicate_existing",""
"C_leetcode_reviews","D:\Workspace\Basics\DSA\LC021_merge_two_sorted_lists_review.md","D:\StudyBook\coding_challenges\leetcode\\reviews\\LC021_merge_two_sorted_lists_review.md","duplicate_existing",""
"C_leetcode_reviews","D:\Workspace\Basics\DSA\LC023_merge_k_sorted_lists_review.md","D:\StudyBook\coding_challenges\leetcode\\reviews\\LC023_merge_k_sorted_lists_review.md","duplicate_existing",""
"C_leetcode_reviews","D:\Workspace\Basics\DSA\LC033_search_in_rotated_sorted_array_review.md","D:\StudyBook\coding_challenges\leetcode\\reviews\\LC033_search_in_rotated_sorted_array_review.md","duplicate_existing",""
"C_leetcode_reviews","D:\Workspace\Basics\DSA\LC039_combination_sum_review.md","D:\StudyBook\coding_challenges\leetcode\\reviews\\LC039_combination_sum_review.md","duplicate_existing",""
"C_leetcode_reviews","D:\Workspace\Basics\DSA\LC042_trapping_rain_water_review.md","D:\StudyBook\coding_challenges\leetcode\\reviews\\LC042_trapping_rain_water_review.md","duplicate_existing",""
"C_leetcode_reviews","D:\Workspace\Basics\DSA\LC045_jump_game_ii_review.md","D:\StudyBook\coding_challenges\leetcode\\reviews\\LC045_jump_game_ii_review.md","duplicate_existing",""
"C_leetcode_reviews","D:\Workspace\Basics\DSA\LC046_permutations_review.md","D:\StudyBook\coding_challenges\leetcode\\reviews\\LC046_permutations_review.md","duplicate_existing",""
"C_leetcode_reviews","D:\Workspace\Basics\DSA\LC049_group_anagrams_review.md","D:\StudyBook\coding_challenges\leetcode\\reviews\\LC049_group_anagrams_review.md","duplicate_existing",""
"C_leetcode_reviews","D:\Workspace\Basics\DSA\LC055_jump_game_review.md","D:\StudyBook\coding_challenges\leetcode\\reviews\\LC055_jump_game_review.md","duplicate_existing",""
"C_leetcode_reviews","D:\Workspace\Basics\DSA\LC056_merge_intervals_review.md","D:\StudyBook\coding_challenges\leetcode\\reviews\\LC056_merge_intervals_review.md","duplicate_existing",""
"C_leetcode_reviews","D:\Workspace\Basics\DSA\LC057_insert_interval_review.md","D:\StudyBook\coding_challenges\leetcode\\reviews\\LC057_insert_interval_review.md","duplicate_existing",""
"C_leetcode_reviews","D:\Workspace\Basics\DSA\LC062_unique_paths_review.md","D:\StudyBook\coding_challenges\leetcode\\reviews\\LC062_unique_paths_review.md","duplicate_existing",""
"C_leetcode_reviews","D:\Workspace\Basics\DSA\LC064_minimum_path_sum_review.md","D:\StudyBook\coding_challenges\leetcode\\reviews\\LC064_minimum_path_sum_review.md","duplicate_existing",""
"C_leetcode_reviews","D:\Workspace\Basics\DSA\LC070_climbing_stairs_review.md","D:\StudyBook\coding_challenges\leetcode\\reviews\\LC070_climbing_stairs_review.md","duplicate_existing",""
"C_leetcode_reviews","D:\Workspace\Basics\DSA\LC072_edit_distance_review.md","D:\StudyBook\coding_challenges\leetcode\\reviews\\LC072_edit_distance_review.md","duplicate_existing",""
"C_leetcode_reviews","D:\Workspace\Basics\DSA\LC074_search_a_2d_matrix_review.md","D:\StudyBook\coding_challenges\leetcode\\reviews\\LC074_search_a_2d_matrix_review.md","duplicate_existing",""
"C_leetcode_reviews","D:\Workspace\Basics\DSA\LC076_minimum_window_substring_review.md","D:\StudyBook\coding_challenges\leetcode\\reviews\\LC076_minimum_window_substring_review.md","duplicate_existing",""
"C_leetcode_reviews","D:\Workspace\Basics\DSA\LC078_subsets_review.md","D:\StudyBook\coding_challenges\leetcode\\reviews\\LC078_subsets_review.md","duplicate_existing",""
"C_leetcode_reviews","D:\Workspace\Basics\DSA\LC079_word_search_review.md","D:\StudyBook\coding_challenges\leetcode\\reviews\\LC079_word_search_review.md","duplicate_existing",""
"C_leetcode_reviews","D:\Workspace\Basics\DSA\LC081_search_in_rotated_sorted_array_ii_review.md","D:\StudyBook\coding_challenges\leetcode\\reviews\\LC081_search_in_rotated_sorted_array_ii_review.md","duplicate_existing",""
"C_leetcode_reviews","D:\Workspace\Basics\DSA\LC084_largest_rectangle_in_histogram_review.md","D:\StudyBook\coding_challenges\leetcode\\reviews\\LC084_largest_rectangle_in_histogram_review.md","duplicate_existing",""
"C_leetcode_reviews","D:\Workspace\Basics\DSA\LC091_decode_ways_review.md","D:\StudyBook\coding_challenges\leetcode\\reviews\\LC091_decode_ways_review.md","duplicate_existing",""
"C_leetcode_reviews","D:\Workspace\Basics\DSA\LC102_binary_tree_level_order_traversal_review.md","D:\StudyBook\coding_challenges\leetcode\\reviews\\LC102_binary_tree_level_order_traversal_review.md","duplicate_existing",""
"C_leetcode_reviews","D:\Workspace\Basics\DSA\LC104_maximum_depth_of_binary_tree_review.md","D:\StudyBook\coding_challenges\leetcode\\reviews\\LC104_maximum_depth_of_binary_tree_review.md","duplicate_existing",""
"C_leetcode_reviews","D:\Workspace\Basics\DSA\LC112_path_sum_review.md","D:\StudyBook\coding_challenges\leetcode\\reviews\\LC112_path_sum_review.md","duplicate_existing",""
"C_leetcode_reviews","D:\Workspace\Basics\DSA\LC121_best_time_to_buy_and_sell_stock_review.md","D:\StudyBook\coding_challenges\leetcode\\reviews\\LC121_best_time_to_buy_and_sell_stock_review.md","duplicate_existing",""
"C_leetcode_reviews","D:\Workspace\Basics\DSA\LC127_word_ladder_review.md","D:\StudyBook\coding_challenges\leetcode\\reviews\\LC127_word_ladder_review.md","duplicate_existing",""
"C_leetcode_reviews","D:\Workspace\Basics\DSA\LC130_surrounded_regions_review.md","D:\StudyBook\coding_challenges\leetcode\\reviews\\LC130_surrounded_regions_review.md","duplicate_existing",""
"C_leetcode_reviews","D:\Workspace\Basics\DSA\LC131_palindrome_partitioning_review.md","D:\StudyBook\coding_challenges\leetcode\\reviews\\LC131_palindrome_partitioning_review.md","duplicate_existing",""
"C_leetcode_reviews","D:\Workspace\Basics\DSA\LC134_gas_station_review.md","D:\StudyBook\coding_challenges\leetcode\\reviews\\LC134_gas_station_review.md","duplicate_existing",""
"C_leetcode_reviews","D:\Workspace\Basics\DSA\LC136_single_number_review.md","D:\StudyBook\coding_challenges\leetcode\\reviews\\LC136_single_number_review.md","duplicate_existing",""
"C_leetcode_reviews","D:\Workspace\Basics\DSA\LC139_word_break_review.md","D:\StudyBook\coding_challenges\leetcode\\reviews\\LC139_word_break_review.md","duplicate_existing",""
"C_leetcode_reviews","D:\Workspace\Basics\DSA\LC141_linked_list_cycle_review.md","D:\StudyBook\coding_challenges\leetcode\\reviews\\LC141_linked_list_cycle_review.md","duplicate_existing",""
"C_leetcode_reviews","D:\Workspace\Basics\DSA\LC143_reorder_list_review.md","D:\StudyBook\coding_challenges\leetcode\\reviews\\LC143_reorder_list_review.md","duplicate_existing",""
"C_leetcode_reviews","D:\Workspace\Basics\DSA\LC150_evaluate_reverse_polish_notation_review.md","D:\StudyBook\coding_challenges\leetcode\\reviews\\LC150_evaluate_reverse_polish_notation_review.md","duplicate_existing",""
"C_leetcode_reviews","D:\Workspace\Basics\DSA\LC152_maximum_product_subarray_review.md","D:\StudyBook\coding_challenges\leetcode\\reviews\\LC152_maximum_product_subarray_review.md","duplicate_existing",""
"C_leetcode_reviews","D:\Workspace\Basics\DSA\LC153_find_minimum_in_rotated_sorted_array_review.md","D:\StudyBook\coding_challenges\leetcode\\reviews\\LC153_find_minimum_in_rotated_sorted_array_review.md","duplicate_existing",""
"C_leetcode_reviews","D:\Workspace\Basics\DSA\LC155_min_stack_review.md","D:\StudyBook\coding_challenges\leetcode\\reviews\\LC155_min_stack_review.md","duplicate_existing",""
"C_leetcode_reviews","D:\Workspace\Basics\DSA\LC167_two_sum_ii_input_array_is_sorted_review.md","D:\StudyBook\coding_challenges\leetcode\\reviews\\LC167_two_sum_ii_input_array_is_sorted_review.md","duplicate_existing",""
"C_leetcode_reviews","D:\Workspace\Basics\DSA\LC191_number_of_1_bits_review.md","D:\StudyBook\coding_challenges\leetcode\\reviews\\LC191_number_of_1_bits_review.md","duplicate_existing",""
"C_leetcode_reviews","D:\Workspace\Basics\DSA\LC198_house_robber_review.md","D:\StudyBook\coding_challenges\leetcode\\reviews\\LC198_house_robber_review.md","duplicate_existing",""
"C_leetcode_reviews","D:\Workspace\Basics\DSA\LC199_binary_tree_right_side_view_review.md","D:\StudyBook\coding_challenges\leetcode\\reviews\\LC199_binary_tree_right_side_view_review.md","duplicate_existing",""
"C_leetcode_reviews","D:\Workspace\Basics\DSA\LC200_number_of_islands_review.md","D:\StudyBook\coding_challenges\leetcode\\reviews\\LC200_number_of_islands_review.md","duplicate_existing",""
"C_leetcode_reviews","D:\Workspace\Basics\DSA\LC206_reverse_linked_list_review.md","D:\StudyBook\coding_challenges\leetcode\\reviews\\LC206_reverse_linked_list_review.md","duplicate_existing",""
"C_leetcode_reviews","D:\Workspace\Basics\DSA\LC207_course_schedule_review.md","D:\StudyBook\coding_challenges\leetcode\\reviews\\LC207_course_schedule_review.md","duplicate_existing",""
"C_leetcode_reviews","D:\Workspace\Basics\DSA\LC208_implement_trie_prefix_tree_review.md","D:\StudyBook\coding_challenges\leetcode\\reviews\\LC208_implement_trie_prefix_tree_review.md","duplicate_existing",""
"C_leetcode_reviews","D:\Workspace\Basics\DSA\LC210_course_schedule_ii_review.md","D:\StudyBook\coding_challenges\leetcode\\reviews\\LC210_course_schedule_ii_review.md","duplicate_existing",""
"C_leetcode_reviews","D:\Workspace\Basics\DSA\LC211_design_add_and_search_words_data_structure_review.md","D:\StudyBook\coding_challenges\leetcode\\reviews\\LC211_design_add_and_search_words_data_structure_review.md","duplicate_existing",""
"C_leetcode_reviews","D:\Workspace\Basics\DSA\LC212_word_search_ii_review.md","D:\StudyBook\coding_challenges\leetcode\\reviews\\LC212_word_search_ii_review.md","duplicate_existing",""
"C_leetcode_reviews","D:\Workspace\Basics\DSA\LC213_house_robber_ii_review.md","D:\StudyBook\coding_challenges\leetcode\\reviews\\LC213_house_robber_ii_review.md","duplicate_existing",""
"C_leetcode_reviews","D:\Workspace\Basics\DSA\LC215_kth_largest_element_in_an_array_review.md","D:\StudyBook\coding_challenges\leetcode\\reviews\\LC215_kth_largest_element_in_an_array_review.md","duplicate_existing",""
"C_leetcode_reviews","D:\Workspace\Basics\DSA\LC217_contains_duplicate_review.md","D:\StudyBook\coding_challenges\leetcode\\reviews\\LC217_contains_duplicate_review.md","duplicate_existing",""
"C_leetcode_reviews","D:\Workspace\Basics\DSA\LC226_invert_binary_tree_review.md","D:\StudyBook\coding_challenges\leetcode\\reviews\\LC226_invert_binary_tree_review.md","duplicate_existing",""
"C_leetcode_reviews","D:\Workspace\Basics\DSA\LC236_lowest_common_ancestor_of_a_binary_tree_review.md","D:\StudyBook\coding_challenges\leetcode\\reviews\\LC236_lowest_common_ancestor_of_a_binary_tree_review.md","duplicate_existing",""
"C_leetcode_reviews","D:\Workspace\Basics\DSA\LC238_product_of_array_except_self_review.md","D:\StudyBook\coding_challenges\leetcode\\reviews\\LC238_product_of_array_except_self_review.md","duplicate_existing",""
"C_leetcode_reviews","D:\Workspace\Basics\DSA\LC239_sliding_window_maximum_review.md","D:\StudyBook\coding_challenges\leetcode\\reviews\\LC239_sliding_window_maximum_review.md","duplicate_existing",""
"C_leetcode_reviews","D:\Workspace\Basics\DSA\LC242_valid_anagram_review.md","D:\StudyBook\coding_challenges\leetcode\\reviews\\LC242_valid_anagram_review.md","duplicate_existing",""
"C_leetcode_reviews","D:\Workspace\Basics\DSA\LC253_meeting_rooms_ii_review.md","D:\StudyBook\coding_challenges\leetcode\\reviews\\LC253_meeting_rooms_ii_review.md","duplicate_existing",""
"C_leetcode_reviews","D:\Workspace\Basics\DSA\LC261_graph_valid_tree_review.md","D:\StudyBook\coding_challenges\leetcode\\reviews\\LC261_graph_valid_tree_review.md","duplicate_existing",""
"C_leetcode_reviews","D:\Workspace\Basics\DSA\LC268_missing_number_review.md","D:\StudyBook\coding_challenges\leetcode\\reviews\\LC268_missing_number_review.md","duplicate_existing",""
"C_leetcode_reviews","D:\Workspace\Basics\DSA\LC269_alien_dictionary_review.md","D:\StudyBook\coding_challenges\leetcode\\reviews\\LC269_alien_dictionary_review.md","duplicate_existing",""
"C_leetcode_reviews","D:\Workspace\Basics\DSA\LC295_find_median_from_data_stream_review.md","D:\StudyBook\coding_challenges\leetcode\\reviews\\LC295_find_median_from_data_stream_review.md","duplicate_existing",""
"C_leetcode_reviews","D:\Workspace\Basics\DSA\LC297_serialize_and_deserialize_binary_tree_review.md","D:\StudyBook\coding_challenges\leetcode\\reviews\\LC297_serialize_and_deserialize_binary_tree_review.md","duplicate_existing",""
"C_leetcode_reviews","D:\Workspace\Basics\DSA\LC300_longest_increasing_subsequence_review.md","D:\StudyBook\coding_challenges\leetcode\\reviews\\LC300_longest_increasing_subsequence_review.md","duplicate_existing",""
"C_leetcode_reviews","D:\Workspace\Basics\DSA\LC312_burst_balloons_review.md","D:\StudyBook\coding_challenges\leetcode\\reviews\\LC312_burst_balloons_review.md","duplicate_existing",""
"C_leetcode_reviews","D:\Workspace\Basics\DSA\LC322_coin_change_review.md","D:\StudyBook\coding_challenges\leetcode\\reviews\\LC322_coin_change_review.md","duplicate_existing",""
"C_leetcode_reviews","D:\Workspace\Basics\DSA\LC323_number_of_connected_components_review.md","D:\StudyBook\coding_challenges\leetcode\\reviews\\LC323_number_of_connected_components_review.md","duplicate_existing",""
"C_leetcode_reviews","D:\Workspace\Basics\DSA\LC325_maximum_size_subarray_sum_equals_k_review.md","D:\StudyBook\coding_challenges\leetcode\\reviews\\LC325_maximum_size_subarray_sum_equals_k_review.md","duplicate_existing",""
"C_leetcode_reviews","D:\Workspace\Basics\DSA\LC338_counting_bits_review.md","D:\StudyBook\coding_challenges\leetcode\\reviews\\LC338_counting_bits_review.md","duplicate_existing",""
"C_leetcode_reviews","D:\Workspace\Basics\DSA\LC347_top_k_frequent_elements_review.md","D:\StudyBook\coding_challenges\leetcode\\reviews\\LC347_top_k_frequent_elements_review.md","duplicate_existing",""
"C_leetcode_reviews","D:\Workspace\Basics\DSA\LC371_sum_of_two_integers_review.md","D:\StudyBook\coding_challenges\leetcode\\reviews\\LC371_sum_of_two_integers_review.md","duplicate_existing",""
"C_leetcode_reviews","D:\Workspace\Basics\DSA\LC373_find_k_pairs_with_smallest_sums_review.md","D:\StudyBook\coding_challenges\leetcode\\reviews\\LC373_find_k_pairs_with_smallest_sums_review.md","duplicate_existing",""
"C_leetcode_reviews","D:\Workspace\Basics\DSA\LC416_partition_equal_subset_sum_review.md","D:\StudyBook\coding_challenges\leetcode\\reviews\\LC416_partition_equal_subset_sum_review.md","duplicate_existing",""
"C_leetcode_reviews","D:\Workspace\Basics\DSA\LC417_pacific_atlantic_water_flow_review.md","D:\StudyBook\coding_challenges\leetcode\\reviews\\LC417_pacific_atlantic_water_flow_review.md","duplicate_existing",""
"C_leetcode_reviews","D:\Workspace\Basics\DSA\LC424_longest_repeating_character_replacement_review.md","D:\StudyBook\coding_challenges\leetcode\\reviews\\LC424_longest_repeating_character_replacement_review.md","duplicate_existing",""
"C_leetcode_reviews","D:\Workspace\Basics\DSA\LC435_non_overlapping_intervals_review.md","D:\StudyBook\coding_challenges\leetcode\\reviews\\LC435_non_overlapping_intervals_review.md","duplicate_existing",""
"C_leetcode_reviews","D:\Workspace\Basics\DSA\LC452_minimum_number_of_arrows_to_burst_balloons_review.md","D:\StudyBook\coding_challenges\leetcode\\reviews\\LC452_minimum_number_of_arrows_to_burst_balloons_review.md","duplicate_existing",""
"C_leetcode_reviews","D:\Workspace\Basics\DSA\LC496_next_greater_element_i_review.md","D:\StudyBook\coding_challenges\leetcode\\reviews\\LC496_next_greater_element_i_review.md","duplicate_existing",""
"C_leetcode_reviews","D:\Workspace\Basics\DSA\LC503_next_greater_element_ii_review.md","D:\StudyBook\coding_challenges\leetcode\\reviews\\LC503_next_greater_element_ii_review.md","duplicate_existing",""
"C_leetcode_reviews","D:\Workspace\Basics\DSA\LC513_find_bottom_left_tree_value_review.md","D:\StudyBook\coding_challenges\leetcode\\reviews\\LC513_find_bottom_left_tree_value_review.md","duplicate_existing",""
"C_leetcode_reviews","D:\Workspace\Basics\DSA\LC516_longest_palindromic_subsequence_review.md","D:\StudyBook\coding_challenges\leetcode\\reviews\\LC516_longest_palindromic_subsequence_review.md","duplicate_existing",""
"C_leetcode_reviews","D:\Workspace\Basics\DSA\LC543_diameter_of_binary_tree_review.md","D:\StudyBook\coding_challenges\leetcode\\reviews\\LC543_diameter_of_binary_tree_review.md","duplicate_existing",""
"C_leetcode_reviews","D:\Workspace\Basics\DSA\LC547_number_of_provinces_review.md","D:\StudyBook\coding_challenges\leetcode\\reviews\\LC547_number_of_provinces_review.md","duplicate_existing",""
"C_leetcode_reviews","D:\Workspace\Basics\DSA\LC560_subarray_sum_equals_k_review.md","D:\StudyBook\coding_challenges\leetcode\\reviews\\LC560_subarray_sum_equals_k_review.md","duplicate_existing",""
"C_leetcode_reviews","D:\Workspace\Basics\DSA\LC572_subtree_of_another_tree_review.md","D:\StudyBook\coding_challenges\leetcode\\reviews\\LC572_subtree_of_another_tree_review.md","duplicate_existing",""
"C_leetcode_reviews","D:\Workspace\Basics\DSA\LC583_delete_operation_for_two_strings_review.md","D:\StudyBook\coding_challenges\leetcode\\reviews\\LC583_delete_operation_for_two_strings_review.md","duplicate_existing",""
"C_leetcode_reviews","D:\Workspace\Basics\DSA\LC647_palindromic_substrings_review.md","D:\StudyBook\coding_challenges\leetcode\\reviews\\LC647_palindromic_substrings_review.md","duplicate_existing",""
"C_leetcode_reviews","D:\Workspace\Basics\DSA\LC684_redundant_connection_review.md","D:\StudyBook\coding_challenges\leetcode\\reviews\\LC684_redundant_connection_review.md","duplicate_existing",""
"C_leetcode_reviews","D:\Workspace\Basics\DSA\LC703_kth_largest_element_in_a_stream_review.md","D:\StudyBook\coding_challenges\leetcode\\reviews\\LC703_kth_largest_element_in_a_stream_review.md","duplicate_existing",""
"C_leetcode_reviews","D:\Workspace\Basics\DSA\LC704_binary_search_review.md","D:\StudyBook\coding_challenges\leetcode\\reviews\\LC704_binary_search_review.md","duplicate_existing",""
"C_leetcode_reviews","D:\Workspace\Basics\DSA\LC739_daily_temperatures_review.md","D:\StudyBook\coding_challenges\leetcode\\reviews\\LC739_daily_temperatures_review.md","duplicate_existing",""
"C_leetcode_reviews","D:\Workspace\Basics\DSA\LC743_network_delay_time_review.md","D:\StudyBook\coding_challenges\leetcode\\reviews\\LC743_network_delay_time_review.md","duplicate_existing",""
"C_leetcode_reviews","D:\Workspace\Basics\DSA\LC746_min_cost_climbing_stairs_review.md","D:\StudyBook\coding_challenges\leetcode\\reviews\\LC746_min_cost_climbing_stairs_review.md","duplicate_existing",""
"C_leetcode_reviews","D:\Workspace\Basics\DSA\LC787_cheapest_flights_within_k_stops_review.md","D:\StudyBook\coding_challenges\leetcode\\reviews\\LC787_cheapest_flights_within_k_stops_review.md","duplicate_existing",""
"C_leetcode_reviews","D:\Workspace\Basics\DSA\LC846_hand_of_straights_review.md","D:\StudyBook\coding_challenges\leetcode\\reviews\\LC846_hand_of_straights_review.md","duplicate_existing",""
"C_leetcode_reviews","D:\Workspace\Basics\DSA\LC853_car_fleet_review.md","D:\StudyBook\coding_challenges\leetcode\\reviews\\LC853_car_fleet_review.md","duplicate_existing",""
"C_leetcode_reviews","D:\Workspace\Basics\DSA\LC901_online_stock_span_review.md","D:\StudyBook\coding_challenges\leetcode\\reviews\\LC901_online_stock_span_review.md","duplicate_existing",""
"C_leetcode_reviews","D:\Workspace\Basics\DSA\LC973_k_closest_points_to_origin_review.md","D:\StudyBook\coding_challenges\leetcode\\reviews\\LC973_k_closest_points_to_origin_review.md","duplicate_existing",""
"C_leetcode_reviews","D:\Workspace\Basics\DSA\LC981_time_based_key_value_store_review.md","D:\StudyBook\coding_challenges\leetcode\\reviews\\LC981_time_based_key_value_store_review.md","duplicate_existing",""
"C_leetcode_reviews","D:\Workspace\Basics\DSA\LC986_interval_list_intersections_review.md","D:\StudyBook\coding_challenges\leetcode\\reviews\\LC986_interval_list_intersections_review.md","duplicate_existing",""
"C_leetcode_reviews","D:\Workspace\Basics\DSA\LC987_vertical_order_traversal_of_binary_tree_review.md","D:\StudyBook\coding_challenges\leetcode\\reviews\\LC987_vertical_order_traversal_of_binary_tree_review.md","duplicate_existing",""
"C_leetcode_reviews","D:\Workspace\Basics\DSA\LC994_rotting_oranges_review.md","D:\StudyBook\coding_challenges\leetcode\\reviews\\LC994_rotting_oranges_review.md","duplicate_existing",""
"D_guides","D:\Workspace\Basics\DSA\arrays_master_guide.ipynb","D:\StudyBook\coding_challenges\guides\\data_structures\\arrays.ipynb","duplicate_existing",""
"D_guides","D:\Workspace\Basics\DSA\binary_search_master_guide.ipynb","D:\StudyBook\coding_challenges\guides\\algorithms\\binary_search.ipynb","duplicate_existing",""
"D_guides","D:\Workspace\Basics\DSA\bit_operations_master_guide.ipynb","D:\StudyBook\coding_challenges\guides\\patterns\\bit_operations.ipynb","duplicate_existing",""
"D_guides","D:\Workspace\Basics\DSA\deque_master_guide.ipynb","D:\StudyBook\coding_challenges\guides\\data_structures\\deques.ipynb","duplicate_existing",""
"D_guides","D:\Workspace\Basics\DSA\hashmap_master_guide.ipynb","D:\StudyBook\coding_challenges\guides\\data_structures\\hashmaps.ipynb","duplicate_existing",""
"D_guides","D:\Workspace\Basics\DSA\heap_master_guide.ipynb","D:\StudyBook\coding_challenges\guides\\data_structures\\heaps.ipynb","duplicate_existing",""
"D_guides","D:\Workspace\Basics\DSA\intervals_master_guide.ipynb","D:\StudyBook\coding_challenges\guides\\patterns\\intervals.ipynb","duplicate_existing",""
"D_guides","D:\Workspace\Basics\DSA\linked_list_master_guide.ipynb","D:\StudyBook\coding_challenges\guides\\data_structures\\linked_lists.ipynb","duplicate_existing",""
"D_guides","D:\Workspace\Basics\DSA\lists_arrays_master_guide.ipynb","D:\StudyBook\coding_challenges\_archive\\workspace_legacy\\guides_unmapped\\lists_arrays_master_guide.ipynb","duplicate_existing","unmapped_dsa_guide"
"D_guides","D:\Workspace\Basics\DSA\monotonic_deque_master_guide.ipynb","D:\StudyBook\coding_challenges\guides\\patterns\\monotonic_deque.ipynb","duplicate_existing",""
"D_guides","D:\Workspace\Basics\DSA\monotonic_stack_master_guide.ipynb","D:\StudyBook\coding_challenges\guides\\patterns\\monotonic_stack.ipynb","duplicate_existing",""
"D_guides","D:\Workspace\Basics\DSA\multidimensional_tensors_master_guide.ipynb","D:\StudyBook\coding_challenges\guides\\data_structures\\tensors.ipynb","duplicate_existing",""
"D_guides","D:\Workspace\Basics\DSA\prefix_sum_master_guide.ipynb","D:\StudyBook\coding_challenges\guides\\algorithms\\prefix_sum.ipynb","duplicate_existing",""
"D_guides","D:\Workspace\Basics\DSA\search_algorithms_guide.ipynb","D:\StudyBook\coding_challenges\_archive\\workspace_legacy\\guides_unmapped\\search_algorithms_guide.ipynb","duplicate_existing","unmapped_dsa_guide"
"D_guides","D:\Workspace\Basics\DSA\sliding_window_master_guide.ipynb","D:\StudyBook\coding_challenges\guides\\algorithms\\sliding_window.ipynb","duplicate_existing",""
"D_guides","D:\Workspace\Basics\DSA\sorting_algorithms_guide.ipynb","D:\StudyBook\coding_challenges\_archive\\workspace_legacy\\guides_unmapped\\sorting_algorithms_guide.ipynb","duplicate_existing","unmapped_dsa_guide"
"D_guides","D:\Workspace\Basics\DSA\sorting_master_guide.ipynb","D:\StudyBook\coding_challenges\guides\\algorithms\\sorting.ipynb","duplicate_existing",""
"D_guides","D:\Workspace\Basics\DSA\stack_master_guide.ipynb","D:\StudyBook\coding_challenges\guides\\data_structures\\stacks.ipynb","duplicate_existing",""
"D_guides","D:\Workspace\Basics\DSA\string_master_guide.ipynb","D:\StudyBook\coding_challenges\guides\\patterns\\strings.ipynb","duplicate_existing",""
"D_guides","D:\Workspace\Basics\DSA\two_pointer_master_guide.ipynb","D:\StudyBook\coding_challenges\guides\\algorithms\\two_pointers.ipynb","duplicate_existing",""
"D_guides","D:\Workspace\Basics\Advanced_DSA\backtracking_master_guide.ipynb","D:\StudyBook\coding_challenges\guides\\advanced\\recursion_and_backtracking\\backtracking.ipynb","duplicate_existing",""
"D_guides","D:\Workspace\Basics\Advanced_DSA\binary_tree_master_guide.ipynb","D:\StudyBook\coding_challenges\guides\\advanced\\trees_and_graphs\\binary_trees.ipynb","duplicate_existing",""
"D_guides","D:\Workspace\Basics\Advanced_DSA\bst_master_guide.ipynb","D:\StudyBook\coding_challenges\guides\\advanced\\trees_and_graphs\\bst.ipynb","duplicate_existing",""
"D_guides","D:\Workspace\Basics\Advanced_DSA\complexity_reference_guide.ipynb","D:\StudyBook\coding_challenges\guides\\advanced\\theory\\complexity_analysis.ipynb","duplicate_existing",""
"D_guides","D:\Workspace\Basics\Advanced_DSA\dp_1d_master_guide.ipynb","D:\StudyBook\coding_challenges\guides\\advanced\\dynamic_programming\\dp_1d.ipynb","duplicate_existing",""
"D_guides","D:\Workspace\Basics\Advanced_DSA\dp_2d_master_guide.ipynb","D:\StudyBook\coding_challenges\guides\\advanced\\dynamic_programming\\dp_2d.ipynb","duplicate_existing",""
"D_guides","D:\Workspace\Basics\Advanced_DSA\dp_trees_master_guide.ipynb","D:\StudyBook\coding_challenges\guides\\advanced\\dynamic_programming\\dp_trees.ipynb","duplicate_existing",""
"D_guides","D:\Workspace\Basics\Advanced_DSA\graphs_bfs_master_guide.ipynb","D:\StudyBook\coding_challenges\guides\\advanced\\trees_and_graphs\\bfs.ipynb","duplicate_existing",""
"D_guides","D:\Workspace\Basics\Advanced_DSA\graphs_dfs_master_guide.ipynb","D:\StudyBook\coding_challenges\guides\\advanced\\trees_and_graphs\\dfs.ipynb","duplicate_existing",""
"D_guides","D:\Workspace\Basics\Advanced_DSA\greedy_master_guide.ipynb","D:\StudyBook\coding_challenges\guides\\advanced\\recursion_and_backtracking\\greedy.ipynb","duplicate_existing",""
"D_guides","D:\Workspace\Basics\Advanced_DSA\knapsack_master_guide.ipynb","D:\StudyBook\coding_challenges\guides\\advanced\\dynamic_programming\\dp_knapsack.ipynb","duplicate_existing",""
"D_guides","D:\Workspace\Basics\Advanced_DSA\math_number_theory_master_guide.ipynb","D:\StudyBook\coding_challenges\guides\\advanced\\theory\\math_number_theory.ipynb","duplicate_existing",""
"D_guides","D:\Workspace\Basics\Advanced_DSA\oop_patterns_guide.ipynb","D:\StudyBook\coding_challenges\guides\\advanced\\theory\\oop_patterns.ipynb","duplicate_existing",""
"D_guides","D:\Workspace\Basics\Advanced_DSA\recursion_guide.ipynb","D:\StudyBook\coding_challenges\guides\\advanced\\recursion_and_backtracking\\recursion.ipynb","duplicate_existing",""
"D_guides","D:\Workspace\Basics\Advanced_DSA\segment_tree_master_guide.ipynb","D:\StudyBook\coding_challenges\guides\\advanced\\trees_and_graphs\\segment_trees.ipynb","duplicate_existing",""
"D_guides","D:\Workspace\Basics\Advanced_DSA\string_dp_master_guide.ipynb","D:\StudyBook\coding_challenges\guides\\advanced\\dynamic_programming\\dp_string.ipynb","duplicate_existing",""
"D_guides","D:\Workspace\Basics\Advanced_DSA\topological_sort_master_guide.ipynb","D:\StudyBook\coding_challenges\guides\\advanced\\trees_and_graphs\\topological_sort.ipynb","duplicate_existing",""
"D_guides","D:\Workspace\Basics\Advanced_DSA\trie_master_guide.ipynb","D:\StudyBook\coding_challenges\guides\\advanced\\trees_and_graphs\\tries.ipynb","duplicate_existing",""
"D_guides","D:\Workspace\Basics\Advanced_DSA\union_find_master_guide.ipynb","D:\StudyBook\coding_challenges\guides\\advanced\\trees_and_graphs\\union_find.ipynb","duplicate_existing",""
"E_python_fundamentals","D:\Workspace\Basics\Language\python\nuggets.md","D:\StudyBook\coding_challenges\python\\fundamentals\nuggets.md","duplicate_existing",""
"E_python_data","D:\Workspace\Basics\Python_Data\matplotlib_seaborn.ipynb","D:\StudyBook\coding_challenges\python\\data_libraries\\_misc\\matplotlib_seaborn.ipynb","duplicate_existing",""
"E_python_data","D:\Workspace\Basics\Python_Data\numpy_broadcast_vectorize.ipynb","D:\StudyBook\coding_challenges\python\\data_libraries\\numpy\\numpy_broadcast_vectorize.ipynb","duplicate_existing",""
"E_python_data","D:\Workspace\Basics\Python_Data\pandas_advanced.ipynb","D:\StudyBook\coding_challenges\python\\data_libraries\\pandas\\pandas_advanced.ipynb","duplicate_existing",""
"E_python_data","D:\Workspace\Basics\Python_Data\plotly_dash_interactive.ipynb","D:\StudyBook\coding_challenges\python\\data_libraries\\_misc\\plotly_dash_interactive.ipynb","duplicate_existing",""
"E_python_data","D:\Workspace\Basics\Python_Data\polars_guide.ipynb","D:\StudyBook\coding_challenges\python\\data_libraries\\_misc\\polars_guide.ipynb","duplicate_existing",""
"E_python_data","D:\Workspace\Basics\Python_Data\pyspark_dataframes.ipynb","D:\StudyBook\coding_challenges\python\\data_libraries\\_misc\\pyspark_dataframes.ipynb","duplicate_existing",""
"E_python_data","D:\Workspace\Basics\Python_Data\README.md","D:\StudyBook\coding_challenges\python\\data_libraries\\_misc\\README.md","duplicate_existing",""
"E_python_data","D:\Workspace\Basics\Python_Data\scipy_statsmodels.ipynb","D:\StudyBook\coding_challenges\python\\data_libraries\\_misc\\scipy_statsmodels.ipynb","duplicate_existing",""
"F_study_plans","D:\Workspace\StudyPlans\daily\study-plan-day-01.md","D:\StudyBook\coding_challenges\study_plans\\daily\study-plan-day-01.md","duplicate_existing",""
"F_study_plans","D:\Workspace\StudyPlans\daily\study-plan-day-02.md","D:\StudyBook\coding_challenges\study_plans\\daily\study-plan-day-02.md","duplicate_existing",""
"F_study_plans","D:\Workspace\StudyPlans\daily\study-plan-day-03.md","D:\StudyBook\coding_challenges\study_plans\\daily\study-plan-day-03.md","duplicate_existing",""
"F_study_plans","D:\Workspace\StudyPlans\daily\study-plan-day-04.md","D:\StudyBook\coding_challenges\study_plans\\daily\study-plan-day-04.md","duplicate_existing",""
"F_study_plans","D:\Workspace\StudyPlans\daily\study-plan-day-05.md","D:\StudyBook\coding_challenges\study_plans\\daily\study-plan-day-05.md","duplicate_existing",""
"F_study_plans","D:\Workspace\StudyPlans\daily\study-plan-day-06.md","D:\StudyBook\coding_challenges\study_plans\\daily\study-plan-day-06.md","duplicate_existing",""
"F_study_plans","D:\Workspace\StudyPlans\daily\study-plan-day-07.md","D:\StudyBook\coding_challenges\study_plans\\daily\study-plan-day-07.md","duplicate_existing",""
"F_study_plans","D:\Workspace\StudyPlans\daily\study-plan-day-08.md","D:\StudyBook\coding_challenges\study_plans\\daily\study-plan-day-08.md","duplicate_existing",""
"F_study_plans","D:\Workspace\StudyPlans\daily\study-plan-day-09.md","D:\StudyBook\coding_challenges\study_plans\\daily\study-plan-day-09.md","duplicate_existing",""
"F_study_plans","D:\Workspace\StudyPlans\daily\study-plan-day-10.md","D:\StudyBook\coding_challenges\study_plans\\daily\study-plan-day-10.md","duplicate_existing",""
"F_study_plans","D:\Workspace\StudyPlans\daily\study-plan-day-11.md","D:\StudyBook\coding_challenges\study_plans\\daily\study-plan-day-11.md","duplicate_existing",""
"F_study_plans","D:\Workspace\StudyPlans\daily\study-plan-day-12.md","D:\StudyBook\coding_challenges\study_plans\\daily\study-plan-day-12.md","duplicate_existing",""
"F_study_plans","D:\Workspace\StudyPlans\daily\study-plan-day-13.md","D:\StudyBook\coding_challenges\study_plans\\daily\study-plan-day-13.md","duplicate_existing",""
"F_study_plans","D:\Workspace\StudyPlans\daily\study-plan-day-14.md","D:\StudyBook\coding_challenges\study_plans\\daily\study-plan-day-14.md","duplicate_existing",""
"F_study_plans","D:\Workspace\StudyPlans\daily\study-plan-day-15.md","D:\StudyBook\coding_challenges\study_plans\\daily\study-plan-day-15.md","duplicate_existing",""
"F_study_plans","D:\Workspace\StudyPlans\daily\study-plan-day-16.md","D:\StudyBook\coding_challenges\study_plans\\daily\study-plan-day-16.md","duplicate_existing",""
"F_study_plans","D:\Workspace\StudyPlans\daily\study-plan-day-17.md","D:\StudyBook\coding_challenges\study_plans\\daily\study-plan-day-17.md","duplicate_existing",""
"F_study_plans","D:\Workspace\StudyPlans\daily\study-plan-day-18.md","D:\StudyBook\coding_challenges\study_plans\\daily\study-plan-day-18.md","duplicate_existing",""
"F_study_plans","D:\Workspace\StudyPlans\daily\study-plan-day-19.md","D:\StudyBook\coding_challenges\study_plans\\daily\study-plan-day-19.md","duplicate_existing",""
"F_study_plans","D:\Workspace\StudyPlans\daily\study-plan-day-20.md","D:\StudyBook\coding_challenges\study_plans\\daily\study-plan-day-20.md","duplicate_existing",""
"F_study_plans","D:\Workspace\StudyPlans\daily\study-plan-day-21.md","D:\StudyBook\coding_challenges\study_plans\\daily\study-plan-day-21.md","duplicate_existing",""
"F_study_plans","D:\Workspace\StudyPlans\daily\study-plan-day-22.md","D:\StudyBook\coding_challenges\study_plans\\daily\study-plan-day-22.md","duplicate_existing",""
"F_study_plans","D:\Workspace\StudyPlans\daily\study-plan-day-23.md","D:\StudyBook\coding_challenges\study_plans\\daily\study-plan-day-23.md","duplicate_existing",""
"F_study_plans","D:\Workspace\StudyPlans\daily\study-plan-day-24.md","D:\StudyBook\coding_challenges\study_plans\\daily\study-plan-day-24.md","duplicate_existing",""
"F_study_plans","D:\Workspace\StudyPlans\daily\study-plan-day-25.md","D:\StudyBook\coding_challenges\study_plans\\daily\study-plan-day-25.md","duplicate_existing",""
"F_study_plans","D:\Workspace\StudyPlans\daily\study-plan-day-26.md","D:\StudyBook\coding_challenges\study_plans\\daily\study-plan-day-26.md","duplicate_existing",""
"F_study_plans","D:\Workspace\StudyPlans\daily\study-plan-day-27.md","D:\StudyBook\coding_challenges\study_plans\\daily\study-plan-day-27.md","duplicate_existing",""
"F_study_plans","D:\Workspace\StudyPlans\daily\study-plan-day-28.md","D:\StudyBook\coding_challenges\study_plans\\daily\study-plan-day-28.md","duplicate_existing",""
"F_study_plans","D:\Workspace\StudyPlans\daily\study-plan-day-29.md","D:\StudyBook\coding_challenges\study_plans\\daily\study-plan-day-29.md","duplicate_existing",""
"F_study_plans","D:\Workspace\StudyPlans\daily\study-plan-day-30.md","D:\StudyBook\coding_challenges\study_plans\\daily\study-plan-day-30.md","duplicate_existing",""
"F_study_plans","D:\Workspace\StudyPlans\daily\study-plan-day-31.md","D:\StudyBook\coding_challenges\study_plans\\daily\study-plan-day-31.md","duplicate_existing",""
"F_study_plans","D:\Workspace\StudyPlans\daily\study-plan-day-32.md","D:\StudyBook\coding_challenges\study_plans\\daily\study-plan-day-32.md","duplicate_existing",""
"F_study_plans","D:\Workspace\StudyPlans\daily\study-plan-day-33.md","D:\StudyBook\coding_challenges\study_plans\\daily\study-plan-day-33.md","duplicate_existing",""
"F_study_plans","D:\Workspace\StudyPlans\daily\study-plan-day-34.md","D:\StudyBook\coding_challenges\study_plans\\daily\study-plan-day-34.md","duplicate_existing",""
"F_study_plans","D:\Workspace\StudyPlans\daily\study-plan-day-35.md","D:\StudyBook\coding_challenges\study_plans\\daily\study-plan-day-35.md","duplicate_existing",""
"F_study_plans","D:\Workspace\StudyPlans\daily\study-plan-day-36.md","D:\StudyBook\coding_challenges\study_plans\\daily\study-plan-day-36.md","duplicate_existing",""
"F_study_plans","D:\Workspace\StudyPlans\daily\study-plan-day-37.md","D:\StudyBook\coding_challenges\study_plans\\daily\study-plan-day-37.md","duplicate_existing",""
"F_study_plans","D:\Workspace\StudyPlans\daily\study-plan-day-38.md","D:\StudyBook\coding_challenges\study_plans\\daily\study-plan-day-38.md","duplicate_existing",""
"F_study_plans","D:\Workspace\StudyPlans\daily\study-plan-day-39.md","D:\StudyBook\coding_challenges\study_plans\\daily\study-plan-day-39.md","duplicate_existing",""
"F_study_plans","D:\Workspace\StudyPlans\daily\study-plan-day-40.md","D:\StudyBook\coding_challenges\study_plans\\daily\study-plan-day-40.md","duplicate_existing",""
"F_study_plans","D:\Workspace\StudyPlans\daily\study-plan-day-41.md","D:\StudyBook\coding_challenges\study_plans\\daily\study-plan-day-41.md","duplicate_existing",""
"F_study_plans","D:\Workspace\StudyPlans\daily\study-plan-day-42.md","D:\StudyBook\coding_challenges\study_plans\\daily\study-plan-day-42.md","duplicate_existing",""
"F_study_plans","D:\Workspace\StudyPlans\daily\study-plan-day-43.md","D:\StudyBook\coding_challenges\study_plans\\daily\study-plan-day-43.md","duplicate_existing",""
"F_study_plans","D:\Workspace\StudyPlans\daily\study-plan-day-44.md","D:\StudyBook\coding_challenges\study_plans\\daily\study-plan-day-44.md","duplicate_existing",""
"F_study_plans","D:\Workspace\StudyPlans\daily\study-plan-day-45.md","D:\StudyBook\coding_challenges\study_plans\\daily\study-plan-day-45.md","duplicate_existing",""
"F_study_plans","D:\Workspace\StudyPlans\daily\study-plan-day-46.md","D:\StudyBook\coding_challenges\study_plans\\daily\study-plan-day-46.md","duplicate_existing",""
"F_study_plans","D:\Workspace\StudyPlans\daily\study-plan-day-47.md","D:\StudyBook\coding_challenges\study_plans\\daily\study-plan-day-47.md","duplicate_existing",""
"F_study_plans","D:\Workspace\StudyPlans\daily\study-plan-day-48.md","D:\StudyBook\coding_challenges\study_plans\\daily\study-plan-day-48.md","duplicate_existing",""
"F_study_plans","D:\Workspace\StudyPlans\daily\study-plan-day-49.md","D:\StudyBook\coding_challenges\study_plans\\daily\study-plan-day-49.md","duplicate_existing",""
"F_study_plans","D:\Workspace\StudyPlans\daily\study-plan-day-50.md","D:\StudyBook\coding_challenges\study_plans\\daily\study-plan-day-50.md","duplicate_existing",""
"F_study_plans","D:\Workspace\StudyPlans\daily\study-plan-day-51.md","D:\StudyBook\coding_challenges\study_plans\\daily\study-plan-day-51.md","duplicate_existing",""
"F_study_plans","D:\Workspace\StudyPlans\daily\study-plan-day-52.md","D:\StudyBook\coding_challenges\study_plans\\daily\study-plan-day-52.md","duplicate_existing",""
"F_study_plans","D:\Workspace\StudyPlans\daily\study-plan-day-53.md","D:\StudyBook\coding_challenges\study_plans\\daily\study-plan-day-53.md","duplicate_existing",""
"F_study_plans","D:\Workspace\StudyPlans\daily\study-plan-day-54.md","D:\StudyBook\coding_challenges\study_plans\\daily\study-plan-day-54.md","duplicate_existing",""
"F_study_plans","D:\Workspace\StudyPlans\daily\study-plan-day-55.md","D:\StudyBook\coding_challenges\study_plans\\daily\study-plan-day-55.md","duplicate_existing",""
"F_study_plans","D:\Workspace\StudyPlans\daily\study-plan-day-56.md","D:\StudyBook\coding_challenges\study_plans\\daily\study-plan-day-56.md","duplicate_existing",""
"F_study_plans","D:\Workspace\StudyPlans\daily\study-plan-day-57.md","D:\StudyBook\coding_challenges\study_plans\\daily\study-plan-day-57.md","duplicate_existing",""
"F_study_plans","D:\Workspace\StudyPlans\daily\study-plan-day-58.md","D:\StudyBook\coding_challenges\study_plans\\daily\study-plan-day-58.md","duplicate_existing",""
"F_study_plans","D:\Workspace\StudyPlans\daily\study-plan-day-59.md","D:\StudyBook\coding_challenges\study_plans\\daily\study-plan-day-59.md","duplicate_existing",""
"F_study_plans","D:\Workspace\StudyPlans\daily\study-plan-day-60.md","D:\StudyBook\coding_challenges\study_plans\\daily\study-plan-day-60.md","duplicate_existing",""
"F_study_plans","D:\Workspace\StudyPlans\daily\study-plan-day-61.md","D:\StudyBook\coding_challenges\study_plans\\daily\study-plan-day-61.md","duplicate_existing",""
"F_study_plans","D:\Workspace\StudyPlans\daily\study-plan-day-62.md","D:\StudyBook\coding_challenges\study_plans\\daily\study-plan-day-62.md","duplicate_existing",""
"F_study_plans","D:\Workspace\StudyPlans\daily\study-plan-day-63.md","D:\StudyBook\coding_challenges\study_plans\\daily\study-plan-day-63.md","duplicate_existing",""
"F_study_plans","D:\Workspace\StudyPlans\daily\study-plan-day-64.md","D:\StudyBook\coding_challenges\study_plans\\daily\study-plan-day-64.md","duplicate_existing",""
"F_study_plans","D:\Workspace\StudyPlans\daily\study-plan-day-65.md","D:\StudyBook\coding_challenges\study_plans\\daily\study-plan-day-65.md","duplicate_existing",""
"F_study_plans","D:\Workspace\StudyPlans\daily\study-plan-day-66.md","D:\StudyBook\coding_challenges\study_plans\\daily\study-plan-day-66.md","duplicate_existing",""
"F_study_plans","D:\Workspace\StudyPlans\daily\study-plan-day-67.md","D:\StudyBook\coding_challenges\study_plans\\daily\study-plan-day-67.md","duplicate_existing",""
"F_study_plans","D:\Workspace\StudyPlans\daily\study-plan-day-68.md","D:\StudyBook\coding_challenges\study_plans\\daily\study-plan-day-68.md","duplicate_existing",""
"F_study_plans","D:\Workspace\StudyPlans\daily\study-plan-day-69.md","D:\StudyBook\coding_challenges\study_plans\\daily\study-plan-day-69.md","duplicate_existing",""
"F_study_plans","D:\Workspace\StudyPlans\daily\study-plan-day-70.md","D:\StudyBook\coding_challenges\study_plans\\daily\study-plan-day-70.md","duplicate_existing",""
"F_study_plans","D:\Workspace\StudyPlans\daily\study-plan-day-71.md","D:\StudyBook\coding_challenges\study_plans\\daily\study-plan-day-71.md","duplicate_existing",""
"F_study_plans","D:\Workspace\StudyPlans\daily\study-plan-day-72.md","D:\StudyBook\coding_challenges\study_plans\\daily\study-plan-day-72.md","duplicate_existing",""
"F_study_plans","D:\Workspace\StudyPlans\daily\study-plan-day-73.md","D:\StudyBook\coding_challenges\study_plans\\daily\study-plan-day-73.md","duplicate_existing",""
"F_study_plans","D:\Workspace\StudyPlans\daily\study-plan-day-74.md","D:\StudyBook\coding_challenges\study_plans\\daily\study-plan-day-74.md","duplicate_existing",""
"F_study_plans","D:\Workspace\StudyPlans\daily\study-plan-day-75.md","D:\StudyBook\coding_challenges\study_plans\\daily\study-plan-day-75.md","duplicate_existing",""
"F_study_plans","D:\Workspace\StudyPlans\daily\study-plan-day-76.md","D:\StudyBook\coding_challenges\study_plans\\daily\study-plan-day-76.md","duplicate_existing",""
"F_study_plans","D:\Workspace\StudyPlans\daily\study-plan-day-77.md","D:\StudyBook\coding_challenges\study_plans\\daily\study-plan-day-77.md","duplicate_existing",""
"F_study_plans","D:\Workspace\StudyPlans\daily\study-plan-day-78.md","D:\StudyBook\coding_challenges\study_plans\\daily\study-plan-day-78.md","duplicate_existing",""
"F_study_plans","D:\Workspace\StudyPlans\daily\study-plan-day-79.md","D:\StudyBook\coding_challenges\study_plans\\daily\study-plan-day-79.md","duplicate_existing",""
"F_study_plans","D:\Workspace\StudyPlans\daily\study-plan-day-80.md","D:\StudyBook\coding_challenges\study_plans\\daily\study-plan-day-80.md","duplicate_existing",""
"F_study_plans","D:\Workspace\StudyPlans\daily\study-plan-day-81.md","D:\StudyBook\coding_challenges\study_plans\\daily\study-plan-day-81.md","duplicate_existing",""
"F_study_plans","D:\Workspace\StudyPlans\daily\study-plan-day-82.md","D:\StudyBook\coding_challenges\study_plans\\daily\study-plan-day-82.md","duplicate_existing",""
"F_study_plans","D:\Workspace\StudyPlans\daily\study-plan-day-83.md","D:\StudyBook\coding_challenges\study_plans\\daily\study-plan-day-83.md","duplicate_existing",""
"F_study_plans","D:\Workspace\StudyPlans\daily\study-plan-day-84.md","D:\StudyBook\coding_challenges\study_plans\\daily\study-plan-day-84.md","duplicate_existing",""
"F_study_plans","D:\Workspace\StudyPlans\daily\study-plan-day-85.md","D:\StudyBook\coding_challenges\study_plans\\daily\study-plan-day-85.md","duplicate_existing",""
"F_study_plans","D:\Workspace\StudyPlans\daily\study-plan-day-86.md","D:\StudyBook\coding_challenges\study_plans\\daily\study-plan-day-86.md","duplicate_existing",""
"F_study_plans","D:\Workspace\StudyPlans\daily\study-plan-day-87.md","D:\StudyBook\coding_challenges\study_plans\\daily\study-plan-day-87.md","duplicate_existing",""
"F_study_plans","D:\Workspace\StudyPlans\daily\study-plan-day-88.md","D:\StudyBook\coding_challenges\study_plans\\daily\study-plan-day-88.md","duplicate_existing",""
"F_study_plans","D:\Workspace\StudyPlans\daily\study-plan-day-89.md","D:\StudyBook\coding_challenges\study_plans\\daily\study-plan-day-89.md","duplicate_existing",""
"F_study_plans","D:\Workspace\StudyPlans\daily\study-plan-day-90.md","D:\StudyBook\coding_challenges\study_plans\\daily\study-plan-day-90.md","duplicate_existing",""
"F_study_plans","D:\Workspace\StudyPlans\daily\study-plan-day-91.md","D:\StudyBook\coding_challenges\study_plans\\daily\study-plan-day-91.md","duplicate_existing",""
"F_study_plans","D:\Workspace\StudyPlans\templates\STUDY-PLAN-METADATA-TEMPLATE.md","D:\StudyBook\coding_challenges\study_plans\\templates\STUDY-PLAN-METADATA-TEMPLATE.md","duplicate_existing",""
"F_study_plans","D:\Workspace\StudyPlans\instructions\masterprompt.md","D:\StudyBook\coding_challenges\study_plans\\instructions\masterprompt.md","duplicate_existing",""
"F_study_plans","D:\Workspace\StudyPlans\instructions\STUDY-PLAN-gemini-instructions.md","D:\StudyBook\coding_challenges\study_plans\\instructions\STUDY-PLAN-gemini-instructions.md","duplicate_existing",""
"F_study_plans","D:\Workspace\StudyPlans\change_reports\changeReport_ToGemini_02.md","D:\StudyBook\coding_challenges\study_plans\\_archive\\change_reports\changeReport_ToGemini_02.md","duplicate_existing",""
"F_study_plans","D:\Workspace\StudyPlans\change_reports\changeReport_ToGemini_03.md","D:\StudyBook\coding_challenges\study_plans\\_archive\\change_reports\changeReport_ToGemini_03.md","duplicate_existing",""
"F_study_plans","D:\Workspace\StudyPlans\change_reports\changeReport_ToGemini_04.md","D:\StudyBook\coding_challenges\study_plans\\_archive\\change_reports\changeReport_ToGemini_04.md","duplicate_existing",""
"F_study_plans","D:\Workspace\StudyPlans\change_reports\changeReport_ToGemini_05.md","D:\StudyBook\coding_challenges\study_plans\\_archive\\change_reports\changeReport_ToGemini_05.md","duplicate_existing",""
"G_support_files","D:\Workspace\WORKSPACE_PROTOCOL.md","D:\StudyBook\coding_challenges\_archive\\workspace_legacy\\WORKSPACE_PROTOCOL.md","duplicate_existing",""
"G_support_files","D:\Workspace\leetcode_tracker.xlsx","D:\StudyBook\coding_challenges\leetcode\\tracker\\leetcode_tracker.xlsx","duplicate_existing",""
"G_support_files","D:\Workspace\WORKFLOW.md","D:\StudyBook\coding_challenges\_archive\\workspace_legacy\\WORKFLOW.md","duplicate_existing",""
"G_support_files","D:\Workspace\TRACKER.md","D:\StudyBook\coding_challenges\_archive\\workspace_legacy\\TRACKER.md","duplicate_existing",""
"G_archive","D:\Workspace\archive\root_parking\build_curriculum_skeleton.ps1","D:\StudyBook\coding_challenges\_archive\\workspace_legacy\\deprecated_utils\root_parking\\build_curriculum_skeleton.ps1","duplicate_existing",""
"G_archive","D:\Workspace\archive\root_parking\coperhension_vs_gen.py","D:\StudyBook\coding_challenges\_archive\\workspace_legacy\\deprecated_utils\root_parking\\coperhension_vs_gen.py","duplicate_existing",""
"G_archive","D:\Workspace\archive\root_parking\LC_0085.ipynb","D:\StudyBook\coding_challenges\_archive\\workspace_legacy\\deprecated_utils\root_parking\\LC_0085.ipynb","duplicate_existing",""
"G_archive","D:\Workspace\archive\root_parking\LEC84.ipynb","D:\StudyBook\coding_challenges\_archive\\workspace_legacy\\deprecated_utils\root_parking\\LEC84.ipynb","duplicate_existing",""
"G_archive","D:\Workspace\archive\root_parking\logger.py","D:\StudyBook\coding_challenges\_archive\\workspace_legacy\\deprecated_utils\root_parking\\logger.py","duplicate_existing",""
"G_archive","D:\Workspace\archive\root_parking\migrate_basics.ps1","D:\StudyBook\coding_challenges\_archive\\workspace_legacy\\deprecated_utils\root_parking\\migrate_basics.ps1","duplicate_existing",""
"G_archive","D:\Workspace\archive\root_parking\practice_decorators.py","D:\StudyBook\coding_challenges\_archive\\workspace_legacy\\deprecated_utils\root_parking\\practice_decorators.py","duplicate_existing",""
"G_archive","D:\Workspace\archive\root_parking\practice_generators.py","D:\StudyBook\coding_challenges\_archive\\workspace_legacy\\deprecated_utils\root_parking\\practice_generators.py","duplicate_existing",""
"G_archive","D:\Workspace\archive\root_parking\SampleCallToGemini.md","D:\StudyBook\coding_challenges\_archive\\workspace_legacy\\deprecated_utils\root_parking\\SampleCallToGemini.md","duplicate_existing",""
"G_archive","D:\Workspace\archive\root_parking\SampleFinalCallToClaude.md","D:\StudyBook\coding_challenges\_archive\\workspace_legacy\\deprecated_utils\root_parking\\SampleFinalCallToClaude.md","duplicate_existing",""
"G_archive","D:\Workspace\archive\root_parking\SampleIntial_call.md","D:\StudyBook\coding_challenges\_archive\\workspace_legacy\\deprecated_utils\root_parking\\SampleIntial_call.md","duplicate_existing",""
"G_archive","D:\Workspace\archive\root_parking\test_py.py","D:\StudyBook\coding_challenges\_archive\\workspace_legacy\\deprecated_utils\root_parking\\test_py.py","duplicate_existing",""
"G_archive","D:\Workspace\archive\root_parking\test_sql.py","D:\StudyBook\coding_challenges\_archive\\workspace_legacy\\deprecated_utils\root_parking\\test_sql.py","duplicate_existing",""
"G_archive","D:\Workspace\archive\root_parking\timing.py","D:\StudyBook\coding_challenges\_archive\\workspace_legacy\\deprecated_utils\root_parking\\timing.py","duplicate_existing",""
